NUMERO_PROCESSO_COMPRA;DIVULGAR;CODIGO_ORGAO_ENTIDADE;SIGLA_ORGAO_ENTIDADE;PROCESSO_SEI;URL_PROCESSO_SEI;URL_PORTAL_TRANSPARENCIA;DATA_ATUALIZACAO;OBSERVACAO
1501561 000005/2020;sim;1500;SEPLAG.;1500.01.0014225/2020-94;https://www.sei.mg.gov.br/sei/modulos/pesquisa/md_pesq_processo_exibir.php?IC2o8Z7ACQH4LdQ4jJLJzjPBiLtP6l2FsQacllhUf-duzEubalut9yvd8-CzYYNLu7pd-wiM0k633-D6khhQNfhvdQskkAOK8KfWEQ0s5t7ghqygo8U_Ichz28fPlct3;http://www.transparencia.mg.gov.br/compras-e-patrimonio/compras-e-contratos/comprasecontratos-procedimento/3/2020/01-01-2020/30-04-2020/0/0/0/17532/0/0/0/0/21609/84950013/170590/1672541;20200328;NA
1501561 000006/2020;sim;1500;SEPLAG.;1500.01.0014240/2020-77;https://www.sei.mg.gov.br/sei/modulos/pesquisa/md_pesq_processo_exibir.php?IC2o8Z7ACQH4LdQ4jJLJzjPBiLtP6l2FsQacllhUf-duzEubalut9yvd8-CzYYNLu7pd-wiM0k633-D6khhQNemi44pVLcA6xlA_T2TmMxSSEWGTpsZhrQQyNf3QwUGT;http://www.transparencia.mg.gov.br/compras-e-patrimonio/compras-e-contratos/comprasecontratos-filtros/5/2020/01-01-2020/30-04-2020/65/65888;20200302;NA
1259662 000008/2020;sim;1250;PMMG;1250.01.0001752/2020-79;https://www.sei.mg.gov.br/sei/modulos/pesquisa/md_pesq_processo_exibir.php?IC2o8Z7ACQH4LdQ4jJLJzjPBiLtP6l2FsQacllhUf-duzEubalut9yvd8-CzYYNLu7pd-wiM0k633-D6khhQNaSjzLlvT1MlZIZa_YzmFeaTovyfoKb4riPNMGEQrDUh;http://www.transparencia.mg.gov.br/compras-e-patrimonio/compras-e-contratos/comprasecontratos-procedimento/3/2020/01-01-2020/02-04-2020/1831094/0/0/10787/0/0/0/0/21584/85100242/170087/1669370/321001/1259662000008-2020;20200302;NA
1259662 000009/2020;sim;1250;PMMG;1250.01.0001868/2020-51;https://www.sei.mg.gov.br/sei/modulos/pesquisa/md_pesq_processo_exibir.php?IC2o8Z7ACQH4LdQ4jJLJzjPBiLtP6l2FsQacllhUf-duzEubalut9yvd8-CzYYNLu7pd-wiM0k633-D6khhQNTOEwnJ88uz-zoGs7QFhMAhMfmp6a-DQ8PSaJ03L68qP;http://www.transparencia.mg.gov.br/compras-e-patrimonio/compras-e-contratos/comprasecontratos-procedimento/3/2020/01-01-2020/02-04-2020/1831094/0/0/11427/0/0/0/0/15894/36500135/91264/1114174/321248/1259662000009-2020;20200302;NA
2121022 000013/2020;sim;2120;IPSM;2120.01.0002380/2020-39 ;https://www.sei.mg.gov.br/sei/modulos/pesquisa/md_pesq_processo_exibir.php?IC2o8Z7ACQH4LdQ4jJLJzjPBiLtP6l2FsQacllhUf-duzEubalut9yvd8-CzYYNLu7pd-wiM0k633-D6khhQNU-bGLFMcHfylxcAnJciUWgFm2fjW-xNWqUTyFeF1e1c;http://www.transparencia.mg.gov.br/compras-e-patrimonio/compras-e-contratos/comprasecontratos-procedimento/3/2020/01-02-2020/02-04-2020/1831097/0/0/33700/0/0/0/0/21585/79300596/170097/1669486/320360/2121022000013-2020;20200403;NA
2121022 000017/2020;sim;2120;IPSM;2120.01.0002470/2020-34 ;https://www.sei.mg.gov.br/sei/modulos/pesquisa/md_pesq_processo_exibir.php?IC2o8Z7ACQH4LdQ4jJLJzjPBiLtP6l2FsQacllhUf-duzEubalut9yvd8-CzYYNLu7pd-wiM0k633-D6khhQNbaftZbsSfiX2ducxTUKZGMtb3vQmBzcpVhwkMOvJmDe;http://www.transparencia.mg.gov.br/compras-e-patrimonio/compras-e-contratos/comprasecontratos-procedimento/3/2020/01-02-2020/02-04-2020/1831097/0/0/33700/0/0/0/0/11790/36500798/81234/513830/320558/2121022000017-2020;20200403;NA
2121022 000020/2020;sim;2120;IPSM;2120.01.0002637/2020-84;https://www.sei.mg.gov.br/sei/modulos/pesquisa/md_pesq_processo_exibir.php?IC2o8Z7ACQH4LdQ4jJLJzjPBiLtP6l2FsQacllhUf-duzEubalut9yvd8-CzYYNLu7pd-wiM0k633-D6khhQNcB6rkIRjUz8PjAVWeiitknebRdMANcKLG3H0Jtys8jx;http://www.transparencia.mg.gov.br/compras-e-patrimonio/compras-e-contratos/comprasecontratos-procedimento/3/2020/01-02-2020/02-04-2020/1831097/0/0/33700/0/0/0/0/21741/85200085/175918/1692160/320977/2121022000020-2020;20200403;NA
1501561 000009/2020;sim;1500;SEPLAG.;1500.01.0014717/2020-02;https://www.sei.mg.gov.br/sei/modulos/pesquisa/md_pesq_processo_exibir.php?IC2o8Z7ACQH4LdQ4jJLJzjPBiLtP6l2FsQacllhUf-duzEubalut9yvd8-CzYYNLu7pd-wiM0k633-D6khhQNaPZt1bfW8c-PV9P4JQK8uJGv3YqMU4NVpab1tsLIdnr;http://www.transparencia.mg.gov.br/compras-e-patrimonio/compras-e-contratos/comprasecontratos-filtros/5/2020/01-01-2020/30-04-2020/65/65898;20200403;NA
1501561 000010/2020;sim;1500;SEPLAG.;1500.01.0014880/2020-63;https://www.sei.mg.gov.br/sei/modulos/pesquisa/md_pesq_processo_exibir.php?IC2o8Z7ACQH4LdQ4jJLJzjPBiLtP6l2FsQacllhUf-duzEubalut9yvd8-CzYYNLu7pd-wiM0k633-D6khhQNWtLDCB2BRiACKkVGegn229F4sZ3Y9c9VI5OmjBC3EiM;http://www.transparencia.mg.gov.br/compras-e-patrimonio/compras-e-contratos/comprasecontratos-filtros/5/2020/01-01-2020/30-04-2020/65/65894;20200403;NA
1501561 000011/2020;sim;1500;SEPLAG.;1500.01.0015098/2020-94;https://www.sei.mg.gov.br/sei/modulos/pesquisa/md_pesq_processo_exibir.php?IC2o8Z7ACQH4LdQ4jJLJzjPBiLtP6l2FsQacllhUf-duzEubalut9yvd8-CzYYNLu7pd-wiM0k633-D6khhQNZVUaOKfNegpE6rZULivzDqsXpe1-8-5vC2Wdhy0hq4S;http://www.transparencia.mg.gov.br/compras-e-patrimonio/compras-e-contratos/comprasecontratos-procedimento/3/2020/01-01-2020/14-04-2020/1831095/0/0/61932/0/0/0/0/15788/83050019/215076/1752731/321268/1501561000011-2020;20200414;NA
1501561 000012/2020;sim;1500;SEPLAG.;1500.01.0016168/2020-13;https://www.sei.mg.gov.br/sei/modulos/pesquisa/md_pesq_processo_exibir.php?IC2o8Z7ACQH4LdQ4jJLJzjPBiLtP6l2FsQacllhUf-duzEubalut9yvd8-CzYYNLu7pd-wiM0k633-D6khhQNWiRF6_FSwzjRMnlEM9NiNXm-l5MrWzddF2V2gXC3Cb9;http://www.transparencia.mg.gov.br/compras-e-patrimonio/compras-e-contratos/comprasecontratos-procedimento/3/2020/01-01-2020/14-04-2020/1831079/0/0/61932/0/0/0/0/15788/83050019/215076/1752731/321355/1501561000012-2020;20200414;NA
1501561 000013/2020;sim;1500;SEPLAG.;1500.01.0016171/2020-29;https://www.sei.mg.gov.br/sei/modulos/pesquisa/md_pesq_processo_exibir.php?IC2o8Z7ACQH4LdQ4jJLJzjPBiLtP6l2FsQacllhUf-duzEubalut9yvd8-CzYYNLu7pd-wiM0k633-D6khhQNcaVYBqunt2k5aTQouvp-gFObNn6cJy36-Bsa9Ij5gVr;http://www.transparencia.mg.gov.br/compras-e-patrimonio/compras-e-contratos/comprasecontratos-procedimento/3/2020/01-01-2020/14-04-2020/1831017/0/0/61932/0/0/0/0/15788/83050019/215076/1752731/321345/1501561000013-2020;20200414;NA
1501561 000014/2020;sim;1500;SEPLAG.;1500.01.0016170/2020-56;https://www.sei.mg.gov.br/sei/modulos/pesquisa/md_pesq_processo_exibir.php?IC2o8Z7ACQH4LdQ4jJLJzjPBiLtP6l2FsQacllhUf-duzEubalut9yvd8-CzYYNLu7pd-wiM0k633-D6khhQNVwAL_Jcg1pWb4u8HPiKB8N7JbuPq6BzBiuUi7M8uByy;http://www.transparencia.mg.gov.br/compras-e-patrimonio/compras-e-contratos/comprasecontratos-procedimento/3/2020/01-01-2020/14-04-2020/1831094/0/0/61932/0/0/0/0/15788/83050019/215076/1752731/321278/1501561000014-2020;20200414;NA
1371056 000003/2020;nao;1370;SEMAD;1370.01.0007808/2020-44;NA;http://www.transparencia.mg.gov.br/compras-e-patrimonio/compras-e-contratos/comprasecontratos-procedimento/0/2020/01-01-2020/06-04-2020/1831058/15/0/0/80/79/621/7930/21585/79300596/170097/1669486/320876/1371056000003-2020;NA;Registro de Preços
2261032 000112/2020;sim;2260;FUNED;2260.01.0002208/2020-32;https://www.sei.mg.gov.br/sei/modulos/pesquisa/md_pesq_processo_exibir.php?IC2o8Z7ACQH4LdQ4jJLJzjPBiLtP6l2FsQacllhUf-duzEubalut9yvd8-CzYYNLu7pd-wiM0k633-D6khhQNbarB29bkQvChNEKMA_ve_9LVgt62FKlK_lSEvXOBjUC;http://www.transparencia.mg.gov.br/compras-e-patrimonio/compras-e-contratos/comprasecontratos-procedimento/3/2020/01-03-2020/16-04-2020/1831100/0/0/20981/0/0/0/0/15383/68101813/131385/394890/322101/2261032000112-2020;20200417;NA
2261032 000112/2020;sim;2260;FUNED;2260.01.0002208/2020-32;https://www.sei.mg.gov.br/sei/modulos/pesquisa/md_pesq_processo_exibir.php?IC2o8Z7ACQH4LdQ4jJLJzjPBiLtP6l2FsQacllhUf-duzEubalut9yvd8-CzYYNLu7pd-wiM0k633-D6khhQNbarB29bkQvChNEKMA_ve_9LVgt62FKlK_lSEvXOBjUC;http://www.transparencia.mg.gov.br/compras-e-patrimonio/compras-e-contratos/comprasecontratos-procedimento/3/2020/01-03-2020/16-04-2020/1831100/0/0/20981/0/0/0/0/15383/68101813/153265/1497391/322101/2261032000112-2020;20200417;NA
2261032 000112/2020;sim;2260;FUNED;2260.01.0002208/2020-32;https://www.sei.mg.gov.br/sei/modulos/pesquisa/md_pesq_processo_exibir.php?IC2o8Z7ACQH4LdQ4jJLJzjPBiLtP6l2FsQacllhUf-duzEubalut9yvd8-CzYYNLu7pd-wiM0k633-D6khhQNbarB29bkQvChNEKMA_ve_9LVgt62FKlK_lSEvXOBjUC;http://www.transparencia.mg.gov.br/compras-e-patrimonio/compras-e-contratos/comprasecontratos-procedimento/3/2020/01-01-2020/30-04-2020/1831100/0/0/29800/0/0/0/0/21588/68204108/170123/1669613/322101/2261032000112-2020;20200417;NA
2261032 000112/2020;sim;2260;FUNED;2260.01.0002208/2020-32;https://www.sei.mg.gov.br/sei/modulos/pesquisa/md_pesq_processo_exibir.php?IC2o8Z7ACQH4LdQ4jJLJzjPBiLtP6l2FsQacllhUf-duzEubalut9yvd8-CzYYNLu7pd-wiM0k633-D6khhQNbarB29bkQvChNEKMA_ve_9LVgt62FKlK_lSEvXOBjUC;http://www.transparencia.mg.gov.br/compras-e-patrimonio/compras-e-contratos/comprasecontratos-procedimento/3/2020/01-03-2020/16-04-2020/1831100/0/0/18842/0/0/0/0/18494/68107757/179814/1697730/322101/2261032000112-2020;20200417;NA
2261032 000112/2020;sim;2260;FUNED;2260.01.0002208/2020-32;https://www.sei.mg.gov.br/sei/modulos/pesquisa/md_pesq_processo_exibir.php?IC2o8Z7ACQH4LdQ4jJLJzjPBiLtP6l2FsQacllhUf-duzEubalut9yvd8-CzYYNLu7pd-wiM0k633-D6khhQNbarB29bkQvChNEKMA_ve_9LVgt62FKlK_lSEvXOBjUC;http://www.transparencia.mg.gov.br/compras-e-patrimonio/compras-e-contratos/comprasecontratos-procedimento/3/2020/01-03-2020/16-04-2020/1831100/0/0/15185/0/0/0/0/3001/68108338/96556/1151746/322101/2261032000112-2020;20200417;NA
2261032 000112/2020;sim;2260;FUNED;2260.01.0002208/2020-32;https://www.sei.mg.gov.br/sei/modulos/pesquisa/md_pesq_processo_exibir.php?IC2o8Z7ACQH4LdQ4jJLJzjPBiLtP6l2FsQacllhUf-duzEubalut9yvd8-CzYYNLu7pd-wiM0k633-D6khhQNbarB29bkQvChNEKMA_ve_9LVgt62FKlK_lSEvXOBjUC;http://www.transparencia.mg.gov.br/compras-e-patrimonio/compras-e-contratos/comprasecontratos-procedimento/3/2020/01-03-2020/16-04-2020/1831100/0/0/20981/0/0/0/0/21239/68500319/137646/1368818/322101/2261032000112-2020;20200417;NA
2261032 000112/2020;sim;2260;FUNED;2260.01.0002208/2020-32;https://www.sei.mg.gov.br/sei/modulos/pesquisa/md_pesq_processo_exibir.php?IC2o8Z7ACQH4LdQ4jJLJzjPBiLtP6l2FsQacllhUf-duzEubalut9yvd8-CzYYNLu7pd-wiM0k633-D6khhQNbarB29bkQvChNEKMA_ve_9LVgt62FKlK_lSEvXOBjUC;http://www.transparencia.mg.gov.br/compras-e-patrimonio/compras-e-contratos/comprasecontratos-procedimento/3/2020/01-03-2020/16-04-2020/1831100/0/0/29800/0/0/0/0/21588/68204108/170123/1669613/322101/2261032000112-2020;20200417;NA
0250073 000001/2020;sim;1250;PMMG;1250.01.0002042/2020-09;https://www.sei.mg.gov.br/sei/modulos/pesquisa/md_pesq_processo_exibir.php?IC2o8Z7ACQH4LdQ4jJLJzjPBiLtP6l2FsQacllhUf-duzEubalut9yvd8-CzYYNLu7pd-wiM0k633-D6khhQNZ70YWeLaAMvr33h4eERTb7bnecvmHxQgkzjkv7QYDRT;http://www.transparencia.mg.gov.br/compras-e-patrimonio/compras-e-contratos/comprasecontratos-procedimento/3/2020/01-02-2020/17-04-2020/1831094/0/0/22102/0/0/0/0/20307/3020037/94372/1198/322109/0250073000001-2020;20200417;NA
0250073 000002/2020;sim;1250;PMMG;1250.01.0002042/2020-09;https://www.sei.mg.gov.br/sei/modulos/pesquisa/md_pesq_processo_exibir.php?IC2o8Z7ACQH4LdQ4jJLJzjPBiLtP6l2FsQacllhUf-duzEubalut9yvd8-CzYYNLu7pd-wiM0k633-D6khhQNZ70YWeLaAMvr33h4eERTb7bnecvmHxQgkzjkv7QYDRT;http://www.transparencia.mg.gov.br/compras-e-patrimonio/compras-e-contratos/comprasecontratos-procedimento/3/2020/01-02-2020/17-04-2020/1831094/0/0/22102/0/0/0/0/11108/68300069/89687/1083678/322110/0250073000002-2020;20200417;NA
0250073 000003/2020;sim;1250;PMMG;1250.01.0002042/2020-09;https://www.sei.mg.gov.br/sei/modulos/pesquisa/md_pesq_processo_exibir.php?IC2o8Z7ACQH4LdQ4jJLJzjPBiLtP6l2FsQacllhUf-duzEubalut9yvd8-CzYYNLu7pd-wiM0k633-D6khhQNZ70YWeLaAMvr33h4eERTb7bnecvmHxQgkzjkv7QYDRT;http://www.transparencia.mg.gov.br/compras-e-patrimonio/compras-e-contratos/comprasecontratos-procedimento/3/2020/01-02-2020/17-04-2020/1831094/0/0/22102/0/0/0/0/12257/8020442/89502/15725/322505/0250073000003-2020;20200417;NA
2311076 000134/2020;sim;2310;UNIMONTES;2310.01.0005838/2020-70;https://www.sei.mg.gov.br/sei/modulos/pesquisa/md_pesq_processo_exibir.php?IC2o8Z7ACQH4LdQ4jJLJzjPBiLtP6l2FsQacllhUf-duzEubalut9yvd8-CzYYNLu7pd-wiM0k633-D6khhQNV03QmTiVf8HJrBhgdrdF810-6Ndp2jxC5JEqN8FAdGX;http://www.transparencia.mg.gov.br/compras-e-patrimonio/compras-e-contratos/comprasecontratos-procedimento/3/2020/01-01-2020/30-04-2020/1831059/0/0/13609/0/0/0/0/8131/41300068/5218/18228/322585/2311076000134-2020;20200424;NA
0250073 000004/2020;sim;1250;PMMG;1250.01.0002112/2020-59;https://www.sei.mg.gov.br/sei/modulos/pesquisa/md_pesq_processo_exibir.php?IC2o8Z7ACQH4LdQ4jJLJzjPBiLtP6l2FsQacllhUf-duzEubalut9yvd8-CzYYNLu7pd-wiM0k633-D6khhQNd5qM5rtOiR3v4lywf0Vtn_aBdGsWP6aTXrNaElhxpGv;http://www.transparencia.mg.gov.br/compras-e-patrimonio/compras-e-contratos/comprasecontratos-procedimento/3/2020/01-01-2020/30-04-2020/1831094/0/0/17466/0/0/0/0/16388/59750367/107136/1252305/322690/0250073000004-2020;20200430;NA
0250073 000005/2020;sim;1250;PMMG;1250.01.0002155/2020-62;https://www.sei.mg.gov.br/sei/modulos/pesquisa/md_pesq_processo_exibir.php?IC2o8Z7ACQH4LdQ4jJLJzjPBiLtP6l2FsQacllhUf-duzEubalut9yvd8-CzYYNLu7pd-wiM0k633-D6khhQNSWG2x4Wc2BZkigjEIx_he0AZmMG8YVhqBaZEvqq8HKb;http://www.transparencia.mg.gov.br/compras-e-patrimonio/compras-e-contratos/comprasecontratos-procedimento/3/2020/01-01-2020/30-04-2020/1831094/0/0/11745/0/0/0/0/7051/3010163/94368/1155/323035/0250073000005-2020;20200430;NA
1401269 000029/2020;sim;1400;CBMMG;1400.01.0017991/2020-09;https://www.sei.mg.gov.br/sei/modulos/pesquisa/md_pesq_processo_exibir.php?IC2o8Z7ACQH4LdQ4jJLJzjPBiLtP6l2FsQacllhUf-duzEubalut9yvd8-CzYYNLu7pd-wiM0k633-D6khhQNbcC_-8cdJJUXlAnhOJAThKQnX8YUq5KYKyJ5r2heywL;http://www.transparencia.mg.gov.br/compras-e-patrimonio/compras-e-contratos/comprasecontratos-procedimento/3/2020/01-01-2020/05-05-2020/1831009/0/0/23810/0/0/0/0/13074/65300807/159637/1576690/322058/1401269000029-2020;20200505;NA
1250084 000010/2020;sim;1250;PMMG;1250.01.0002197/2020-92;https://www.sei.mg.gov.br/sei/modulos/pesquisa/md_pesq_processo_exibir.php?IC2o8Z7ACQH4LdQ4jJLJzjPBiLtP6l2FsQacllhUf-duzEubalut9yvd8-CzYYNLu7pd-wiM0k633-D6khhQNZ4RDZf2aqMM_baKMKhAG540znE_9IPMD0Qv4g2Gqu3K;http://www.transparencia.mg.gov.br/compras-e-patrimonio/compras-e-contratos/comprasecontratos-procedimento/3/2020/01-01-2020/30-04-2020/1831094/0/0/61994/0/0/0/0/21797/84950030/216609/1754467/322336/1250084000010-2020;20200507;NA
2301925 000001/2020;sim;2300;DER-MG;2300.01.0048942/2020-33;https://www.sei.mg.gov.br/sei/modulos/pesquisa/md_pesq_processo_exibir.php?IC2o8Z7ACQH4LdQ4jJLJzjPBiLtP6l2FsQacllhUf-duzEubalut9yvd8-CzYYNLu7pd-wiM0k633-D6khhQNcRjPwXFitFhfS7KLPDdYgYJdPtKoxHVfo1reueoR29T;http://www.transparencia.mg.gov.br/compras-e-patrimonio/compras-e-contratos/comprasecontratos-procedimento/3/2020/01-01-2020/31-05-2020/1831084/0/0/19962/0/0/0/0/7051/3010163/94368/1155/321506/2301925000001-2020;20200511;NA
2301925 000002/2020;sim;2300;DER-MG;2300.01.0053745/2020-41;NA;http://www.transparencia.mg.gov.br/compras-e-patrimonio/compras-e-contratos/comprasecontratos-procedimento/3/2020/01-01-2020/31-05-2020/1831084/0/0/16018/0/0/0/0/7051/3010163/94368/1155/322267/2301925000002-2020;20200511;NA
2320310 000127/2020;sim;2320;HEMOMINAS;2320.01.0004287/2020-78;https://www.sei.mg.gov.br/sei/modulos/pesquisa/md_pesq_processo_exibir.php?IC2o8Z7ACQH4LdQ4jJLJzjPBiLtP6l2FsQacllhUf-duzEubalut9yvd8-CzYYNLu7pd-wiM0k633-D6khhQNdJH-sA_3hgPBGJ42wyKT1LxVuwm-WE3z2iJzf6SLR3I;http://www.transparencia.mg.gov.br/compras-e-patrimonio/compras-e-contratos/comprasecontratos-procedimento/3/2020/01-03-2020/13-05-2020/1831016/0/0/19839/0/0/0/0/21741/85200085/175924/1692143/323219/2320310000127-2020;20200513;NA
2320310 000127/2020;sim;2320;HEMOMINAS;2320.01.0004287/2020-78;https://www.sei.mg.gov.br/sei/modulos/pesquisa/md_pesq_processo_exibir.php?IC2o8Z7ACQH4LdQ4jJLJzjPBiLtP6l2FsQacllhUf-duzEubalut9yvd8-CzYYNLu7pd-wiM0k633-D6khhQNdJH-sA_3hgPBGJ42wyKT1LxVuwm-WE3z2iJzf6SLR3I;http://www.transparencia.mg.gov.br/compras-e-patrimonio/compras-e-contratos/comprasecontratos-procedimento/3/2020/01-03-2020/13-05-2020/1831016/0/0/19474/0/0/0/0/5792/79200320/97713/1143883/323219/2320310000127-2020;20200513;NA
2320310 000127/2020;sim;2320;HEMOMINAS;2320.01.0004287/2020-78;https://www.sei.mg.gov.br/sei/modulos/pesquisa/md_pesq_processo_exibir.php?IC2o8Z7ACQH4LdQ4jJLJzjPBiLtP6l2FsQacllhUf-duzEubalut9yvd8-CzYYNLu7pd-wiM0k633-D6khhQNdJH-sA_3hgPBGJ42wyKT1LxVuwm-WE3z2iJzf6SLR3I;http://www.transparencia.mg.gov.br/compras-e-patrimonio/compras-e-contratos/comprasecontratos-procedimento/3/2020/01-03-2020/13-05-2020/1831016/0/0/57442/0/0/0/0/18356/79200036/108267/1244515/323219/2320310000127-2020;20200513;NA
NA;nao;1250;PMMG;NA;NA;NA;NA;Despesa Miúda
0250073 000009/2020;sim;1250;PMMG;1251.01.0002288/2020-60;NA;http://www.transparencia.mg.gov.br/compras-e-patrimonio/compras-e-contratos/comprasecontratos-procedimento/3/2020/01-01-2020/31-05-2020/1831094/0/0/8783/0/0/0/0/5444/66403693/29886/415812/322918/0250073000009-2020;20200514;NA
2301925 000003/2020;sim;2300;DER-MG;2300.01.0058319/2020-24;https://www.sei.mg.gov.br/sei/modulos/pesquisa/md_pesq_processo_exibir.php?IC2o8Z7ACQH4LdQ4jJLJzjPBiLtP6l2FsQacllhUf-duzEubalut9yvd8-CzYYNLu7pd-wiM0k633-D6khhQNZMC_X2vfK31SJ80Ne-80XwFRI_knf2x3dLuVrJDLlhh;http://www.transparencia.mg.gov.br/compras-e-patrimonio/compras-e-contratos/comprasecontratos-procedimento/3/2020/01-01-2020/31-05-2020/1831084/0/0/26247/0/0/0/0/7051/3010163/94368/1155/323729/2301925000003-2020;20200514;NA
1371054 000004/2020;nao;1370;SEMAD;NA;NA;http://www.transparencia.mg.gov.br/compras-e-patrimonio/compras-e-contratos/comprasecontratos-procedimento/3/2020/01-01-2020/18-05-2020/1831058/0/0/23776/0/0/0/0/21741/85200085/175921/1692216/323454/1371054000004-2020;NA;Registro de Preços
1371054 000003/2020;sim;1370;SEMAD;1370.01.0011944/2020-19;https://www.sei.mg.gov.br/sei/modulos/pesquisa/md_pesq_processo_exibir.php?IC2o8Z7ACQH4LdQ4jJLJzjPBiLtP6l2FsQacllhUf-duzEubalut9yvd8-CzYYNLu7pd-wiM0k633-D6khhQNUoeGjZV1q6qNvsvVLtA4lciXYV4Kn0M-ppC1Tbpz_8Q;http://www.transparencia.mg.gov.br/compras-e-patrimonio/compras-e-contratos/comprasecontratos-procedimento/3/2020/01-01-2020/18-05-2020/1831058/0/0/56892/0/0/0/0/21584/85100242/170087/1669370/323559/1371054000003-2020;20200518;NA
0500005 000009/2020;sim;2270;FHEMIG;2270.01.0006208/2020-28;https://www.sei.mg.gov.br/sei/modulos/pesquisa/md_pesq_processo_exibir.php?IC2o8Z7ACQH4LdQ4jJLJzjPBiLtP6l2FsQacllhUf-duzEubalut9yvd8-CzYYNLu7pd-wiM0k633-D6khhQNUMxqxldeoWovKuMO7HnN0b1h6KyefwVO4V5BNlFUw00;http://www.transparencia.mg.gov.br/compras-e-patrimonio/compras-e-contratos/comprasecontratos-procedimento/3/2020/01-01-2020/19-05-2020/1831008/0/0/23644/0/0/0/0/13862/65181557/209823/1746723/319179/0500005000009-2020;20200519;NA
0510037 000125/2020;sim;2270;FHEMIG;2270.01.0011278/2020-05 ;https://www.sei.mg.gov.br/sei/modulos/pesquisa/md_pesq_processo_exibir.php?IC2o8Z7ACQH4LdQ4jJLJzjPBiLtP6l2FsQacllhUf-duzEubalut9yvd8-CzYYNLu7pd-wiM0k633-D6khhQNZ4thJFL3aD41mUdewfqOVgqHx_C0cn5sM0KUFryvhiD;http://www.transparencia.mg.gov.br/compras-e-patrimonio/compras-e-contratos/comprasecontratos-procedimento/3/2020/01-01-2020/19-05-2020/1831008/0/0/22830/0/0/0/0/17638/7010010/92859/10758/322569/0510037000125-2020;20200519;NA
0518005 000036/2020;sim;2270;FHEMIG;2270.01.0011621/2020-56;https://www.sei.mg.gov.br/sei/modulos/pesquisa/md_pesq_processo_exibir.php?IC2o8Z7ACQH4LdQ4jJLJzjPBiLtP6l2FsQacllhUf-duzEubalut9yvd8-CzYYNLu7pd-wiM0k633-D6khhQNfHosv7CHKwKv6nG5zSy7lILjm3_gDalmMXv8MGC471p;http://www.transparencia.mg.gov.br/compras-e-patrimonio/compras-e-contratos/comprasecontratos-procedimento/3/2020/01-01-2020/19-05-2020/1831008/0/0/18037/0/0/0/0/5958/48200220/155765/1456741/321242/0518005000036-2020;20200519;NA
0518005 000037/2020;sim;2270;FHEMIG;2270.01.0011840/2020-60;https://www.sei.mg.gov.br/sei/modulos/pesquisa/md_pesq_processo_exibir.php?IC2o8Z7ACQH4LdQ4jJLJzjPBiLtP6l2FsQacllhUf-duzEubalut9yvd8-CzYYNLu7pd-wiM0k633-D6khhQNdDJEAKy7_1KkCMtnIfGZ81gZ2XHlSBUgaC2tB8vj9mX;http://www.transparencia.mg.gov.br/compras-e-patrimonio/compras-e-contratos/comprasecontratos-procedimento/3/2020/01-01-2020/19-05-2020/1831008/0/0/33763/0/0/0/0/15854/65230647/3299/61204/322642/0518005000037-2020;20200519;NA
1501561 000015/2020;sim;1320;SES;1500.01.0016175/2020-18;https://www.sei.mg.gov.br/sei/modulos/pesquisa/md_pesq_processo_exibir.php?IC2o8Z7ACQH4LdQ4jJLJzjPBiLtP6l2FsQacllhUf-duzEubalut9yvd8-CzYYNLu7pd-wiM0k633-D6khhQNfNt5bG0xtwVT036uzyHHpjGV5aqG5njRuiyFTmrZXXO;http://www.transparencia.mg.gov.br/compras-e-patrimonio/compras-e-contratos/comprasecontratos-filtros/5/2020/01-01-2020/31-05-2020/12/65960;20200522;NA
1501561 000016/2020;sim;1320;SES;1320.01.0038920/2020-59;https://www.sei.mg.gov.br/sei/modulos/pesquisa/md_pesq_processo_exibir.php?IC2o8Z7ACQH4LdQ4jJLJzjPBiLtP6l2FsQacllhUf-duzEubalut9yvd8-CzYYNLu7pd-wiM0k633-D6khhQNUkApG51peFMARHIXGBukGXSpHubhMU-5fnf5SJ8ey6H;http://www.transparencia.mg.gov.br/compras-e-patrimonio/compras-e-contratos/comprasecontratos-procedimento/3/2020/01-01-2020/31-05-2020/1831017/0/0/17532/0/0/0/0/10733/65320034/10036/125628/321781/1501561000016-2020;20200522;NA
1501561 000017/2020;sim;1320;SES;1500.01.0017829/2020-77;https://www.sei.mg.gov.br/sei/modulos/pesquisa/md_pesq_processo_exibir.php?IC2o8Z7ACQH4LdQ4jJLJzjPBiLtP6l2FsQacllhUf-duzEubalut9yvd8-CzYYNLu7pd-wiM0k633-D6khhQNdQ4oRxmvW9pnK9vKsjLJAycEfDozyMx5goZlzcbf4Mh;http://www.transparencia.mg.gov.br/compras-e-patrimonio/compras-e-contratos/comprasecontratos-filtros/5/2020/01-01-2020/31-05-2020/12/65986;20200522;NA
1501561 000018/2020;sim;1500;SEPLAG;1500.01.0017382/2020-21;https://www.sei.mg.gov.br/sei/modulos/pesquisa/md_pesq_processo_exibir.php?IC2o8Z7ACQH4LdQ4jJLJzjPBiLtP6l2FsQacllhUf-duzEubalut9yvd8-CzYYNLu7pd-wiM0k633-D6khhQNUAGREm10rtH8EyWB4GHzPTK7GQGOKYE_fkgkdsW8Z6f;http://www.transparencia.mg.gov.br/compras-e-patrimonio/compras-e-contratos/comprasecontratos-procedimento/2/2020/01-03-2020/22-05-2020/1831065/2/0/0/0/0/0/0/21609/84950013/170586/1672592/321925/1501561000018-2020;20200522;NA
1501561 000019/2020;sim;1320;SES;1500.01.0018434/2020-38;https://www.sei.mg.gov.br/sei/modulos/pesquisa/md_pesq_processo_exibir.php?IC2o8Z7ACQH4LdQ4jJLJzjPBiLtP6l2FsQacllhUf-duzEubalut9yvd8-CzYYNLu7pd-wiM0k633-D6khhQNd9wg_GxfQdO9kP9tLZDScOCbeAxVN_lV9hX4g3XPDsI;http://www.transparencia.mg.gov.br/compras-e-patrimonio/compras-e-contratos/comprasecontratos-procedimento/3/2020/01-01-2020/31-05-2020/1831017/0/0/9190/0/0/0/0/1547/65181220/167591/1649256/322108/1501561000019-2020;20200522;NA
1501561 000020/2020;sim;1500;SEPLAG;1500.01.0019011/2020-76;https://www.sei.mg.gov.br/sei/modulos/pesquisa/md_pesq_processo_exibir.php?IC2o8Z7ACQH4LdQ4jJLJzjPBiLtP6l2FsQacllhUf-duzEubalut9yvd8-CzYYNLu7pd-wiM0k633-D6khhQNT3y2moQgKxLgOHoUUS13f0ir908xrj-QXK1zDd9TLD-;http://www.transparencia.mg.gov.br/compras-e-patrimonio/compras-e-contratos/comprasecontratos-procedimento/3/2020/01-01-2020/31-05-2020/1831065/0/0/17532/0/0/0/0/10733/65320034/10036/125628/322112/1501561000020-2020;20200522;NA
1501561 000021/2020;sim;1320;SES;1500.01.0019103/2020-17;https://www.sei.mg.gov.br/sei/modulos/pesquisa/md_pesq_processo_exibir.php?IC2o8Z7ACQH4LdQ4jJLJzjPBiLtP6l2FsQacllhUf-duzEubalut9yvd8-CzYYNLu7pd-wiM0k633-D6khhQNQyKQ2LN1E2Z105Gh8X_iVewj7W1Y5VyCcpPXR2vacCn;http://www.transparencia.mg.gov.br/compras-e-patrimonio/compras-e-contratos/comprasecontratos-filtros/5/2020/01-01-2020/31-05-2020/12/66043;20200522;NA
1501561 000022/2020;sim;1320;SES;1500.01.0018532/2020-11;https://www.sei.mg.gov.br/sei/modulos/pesquisa/md_pesq_processo_exibir.php?IC2o8Z7ACQH4LdQ4jJLJzjPBiLtP6l2FsQacllhUf-duzEubalut9yvd8-CzYYNLu7pd-wiM0k633-D6khhQNYX2MPf1EaoBsxrQA32QUq0yeoMRnBBShIM3PTB1Jn3l;http://www.transparencia.mg.gov.br/compras-e-patrimonio/compras-e-contratos/comprasecontratos-procedimento/3/2020/01-01-2020/31-05-2020/1831017/0/0/9190/0/0/0/0/1547/65181220/167591/1649256/322108/1501561000019-2020;20200522;NA
1501561 000023/2020;sim;2270;FHEMIG;1500.01.0019377/2020-88;https://www.sei.mg.gov.br/sei/modulos/pesquisa/md_pesq_processo_exibir.php?IC2o8Z7ACQH4LdQ4jJLJzjPBiLtP6l2FsQacllhUf-duzEubalut9yvd8-CzYYNLu7pd-wiM0k633-D6khhQNSjws8--_G4k2QvBfMLiDt9aYR5v-JFbxMvocMhiYnmr;http://www.transparencia.mg.gov.br/compras-e-patrimonio/compras-e-contratos/comprasecontratos-procedimento/3/2020/01-03-2020/22-05-2020/1831008/0/0/30348/0/0/0/0/10733/65320034/10036/125628/322363/1501561000023-2020;20200522;NA
1501561 000024/2020;sim;1500;SEPLAG;1500.01.0019842/2020-46;https://www.sei.mg.gov.br/sei/modulos/pesquisa/md_pesq_processo_exibir.php?IC2o8Z7ACQH4LdQ4jJLJzjPBiLtP6l2FsQacllhUf-duzEubalut9yvd8-CzYYNLu7pd-wiM0k633-D6khhQNQ-7S4HdtuZ2tRT2ihh0Mc2TMrlTYKlrSUALbpTWdDIL;http://www.transparencia.mg.gov.br/compras-e-patrimonio/compras-e-contratos/comprasecontratos-procedimento/2/2020/01-03-2020/22-05-2020/1831065/2/0/0/0/0/0/0/21609/84950013/170586/1672592/322509/1501561000024-2020;20200522;NA
1501561 000025/2020;sim;1500;SEPLAG;1500.01.0020051/2020-29;https://www.sei.mg.gov.br/sei/modulos/pesquisa/md_pesq_processo_exibir.php?IC2o8Z7ACQH4LdQ4jJLJzjPBiLtP6l2FsQacllhUf-duzEubalut9yvd8-CzYYNLu7pd-wiM0k633-D6khhQNT5QG9edZ9qFcWAIHB4XPUqvNgI1GZ9_NTCAJyo1S4jb;http://www.transparencia.mg.gov.br/compras-e-patrimonio/compras-e-contratos/comprasecontratos-procedimento/3/2020/01-01-2020/31-05-2020/1831065/0/0/17532/0/0/0/0/10733/65320034/10036/125628/322631/1501561000025-2020;20200522;NA
1501561 000026/2020;sim;1500;SEPLAG;1500.01.0020336/2020-94;https://www.sei.mg.gov.br/sei/modulos/pesquisa/md_pesq_processo_exibir.php?IC2o8Z7ACQH4LdQ4jJLJzjPBiLtP6l2FsQacllhUf-duzEubalut9yvd8-CzYYNLu7pd-wiM0k633-D6khhQNfPhIMOlq1KvViQ9Y5z_UX5Az8xDi1-K1mNgYgrN0YQE;http://www.transparencia.mg.gov.br/compras-e-patrimonio/compras-e-contratos/comprasecontratos-procedimento/3/2020/01-01-2020/31-05-2020/1831065/0/0/30348/0/0/0/0/10733/65320034/8733/125245/322692/1501561000026-2020;20200522;NA
1501561 000027/2020;sim;2270;FHEMIG;1500.01.0020447/2020-07;https://www.sei.mg.gov.br/sei/modulos/pesquisa/md_pesq_processo_exibir.php?IC2o8Z7ACQH4LdQ4jJLJzjPBiLtP6l2FsQacllhUf-duzEubalut9yvd8-CzYYNLu7pd-wiM0k633-D6khhQNV3UTwo-FCdcv9HnEOu0LtYV_RHPnni7A0380GJPLVdO;http://www.transparencia.mg.gov.br/compras-e-patrimonio/compras-e-contratos/comprasecontratos-procedimento/3/2020/01-03-2020/22-05-2020/1831008/0/0/30348/0/0/0/0/10733/65320034/8733/125245/322808/1501561000027-2020;20200522;NA
1501561 000028/2020;sim;1320;SES;1320.01.0046719/2020-73;https://www.sei.mg.gov.br/sei/modulos/pesquisa/md_pesq_processo_exibir.php?IC2o8Z7ACQH4LdQ4jJLJzjPBiLtP6l2FsQacllhUf-duzEubalut9yvd8-CzYYNLu7pd-wiM0k633-D6khhQNbQ7AwV304bEwORegrpC8MU26oRYg3foGOu7dRNBiSC6;http://www.transparencia.mg.gov.br/compras-e-patrimonio/compras-e-contratos/comprasecontratos-procedimento/3/2020/01-04-2020/30-06-2020/1831017/0/0/239/0/0/0/0/822/65181751/215727/1753681/323054/1501561000028-2020;20200522;NA
1501561 000029/2020;sim;1320;SES;1500.01.0018971/2020-89;https://www.sei.mg.gov.br/sei/modulos/pesquisa/md_pesq_processo_exibir.php?IC2o8Z7ACQH4LdQ4jJLJzjPBiLtP6l2FsQacllhUf-duzEubalut9yvd8-CzYYNLu7pd-wiM0k633-D6khhQNUQWfe3MlhzbSyoPeP8vAWsPGWtDxxZB9X87V89pINb5;http://www.transparencia.mg.gov.br/compras-e-patrimonio/compras-e-contratos/comprasecontratos-procedimento/3/2020/01-04-2020/30-06-2020/1831017/0/0/20981/0/0/0/0/3854/68201451/215959/1753924/323117/1501561000029-2020;20200522;NA
1501561 000030/2020;sim;1500;SEPLAG;1500.01.0020360/2020-28;https://www.sei.mg.gov.br/sei/modulos/pesquisa/md_pesq_processo_exibir.php?IC2o8Z7ACQH4LdQ4jJLJzjPBiLtP6l2FsQacllhUf-duzEubalut9yvd8-CzYYNLu7pd-wiM0k633-D6khhQNbKgSOpElIwXfkVKO9SUqmTWxMs9s1x6ZQSd1E_EdFHf;http://www.transparencia.mg.gov.br/compras-e-patrimonio/compras-e-contratos/comprasecontratos-procedimento/3/2020/01-04-2020/30-06-2020/1831065/0/0/62110/0/0/0/0/15771/65320018/217626/1755366/323445/1501561000030-2020;20200522;NA
1501561 000031/2020;sim;1320;SES;1500.01.0021514/2020-07;https://www.sei.mg.gov.br/sei/modulos/pesquisa/md_pesq_processo_exibir.php?IC2o8Z7ACQH4LdQ4jJLJzjPBiLtP6l2FsQacllhUf-duzEubalut9yvd8-CzYYNLu7pd-wiM0k633-D6khhQNT1a_l40I2Ai3bADRCtSKqirkhVuMkobFpuiBgJavWbj;http://www.transparencia.mg.gov.br/compras-e-patrimonio/compras-e-contratos/comprasecontratos-procedimento/3/2020/01-04-2020/30-06-2020/1831017/0/0/37380/0/0/0/0/822/65181751/219609/1758063/323435/1501561000031-2020;20200522;NA
1501561 000032/2020;sim;1500;SEPLAG;1500.01.0020761/2020-65;https://www.sei.mg.gov.br/sei/modulos/pesquisa/md_pesq_processo_exibir.php?IC2o8Z7ACQH4LdQ4jJLJzjPBiLtP6l2FsQacllhUf-duzEubalut9yvd8-CzYYNLu7pd-wiM0k633-D6khhQNZMrwL1l0czSUExtLCVTXTNDl5qIGUBeIV94ZydOjaD1;http://www.transparencia.mg.gov.br/compras-e-patrimonio/compras-e-contratos/comprasecontratos-procedimento/3/2020/01-04-2020/30-06-2020/1831008/0/0/62110/0/0/0/0/15771/65320018/217626/1755366/323606/1501561000032-2020;20200525;NA
NA;nao;2270;FHEMIG;NA;NA;NA;NA;Requisição Administrativa
2012015 000034/2020;sim;2010;IPSEMG;2010.01.0015392/2020-52;https://www.sei.mg.gov.br/sei/modulos/pesquisa/md_pesq_processo_exibir.php?IC2o8Z7ACQH4LdQ4jJLJzjPBiLtP6l2FsQacllhUf-duzEubalut9yvd8-CzYYNLu7pd-wiM0k633-D6khhQNQooaxlcnHtmrLkWw6gTNyR9L7QYVCcoU3CU8mwn4dbu;http://www.transparencia.mg.gov.br/covid-19/compras-contratos/contratoscovid-detalharcompra/322908;20200527;NA
2012015 000031/2020;sim;2010;IPSEMG;2010.01.0014197/2020-16;https://www.sei.mg.gov.br/sei/modulos/pesquisa/md_pesq_processo_exibir.php?IC2o8Z7ACQH4LdQ4jJLJzjPBiLtP6l2FsQacllhUf-duzEubalut9yvd8-CzYYNLu7pd-wiM0k633-D6khhQNQNokXU1GPeDIRmLJvM2Au83nZ9Vb3mOzvUzzUYm7gOo;http://www.transparencia.mg.gov.br/compras-e-patrimonio/compras-e-contratos/comprasecontratos-procedimento/3/2020/01-01-2020/27-05-2020/1831081/0/0/13002/0/0/0/0/10733/65320034/10036/125628/321414/2012015000031-2020;20200527;NA
2012015 000041/2020;sim;2010;IPSEMG;2010.01.0012770/2020-36;https://www.sei.mg.gov.br/sei/modulos/pesquisa/md_pesq_processo_exibir.php?IC2o8Z7ACQH4LdQ4jJLJzjPBiLtP6l2FsQacllhUf-duzEubalut9yvd8-CzYYNLu7pd-wiM0k633-D6khhQNQNokXU1GPeDIRmLJvM2Au83nZ9Vb3mOzvUzzUYm7gOo;http://www.transparencia.mg.gov.br/compras-e-patrimonio/compras-e-contratos/comprasecontratos-procedimento/3/2020/01-01-2020/27-05-2020/1831081/0/0/30348/0/0/0/0/10733/65320034/8733/125245/324182/2012015000041-2020;20200527;NA
0500005 000054/2020;sim;2270;FHEMIG;2270.01.0022126/2020-49;https://www.sei.mg.gov.br/sei/modulos/pesquisa/md_pesq_processo_exibir.php?IC2o8Z7ACQH4LdQ4jJLJzjPBiLtP6l2FsQacllhUf-duzEubalut9yvd8-CzYYNLu7pd-wiM0k633-D6khhQNQ96LAwQppfQqua3aXvkvSizPgKOBjhvt6cHahgy3lgn;http://www.transparencia.mg.gov.br/compras-e-patrimonio/compras-e-contratos/comprasecontratos-procedimento/3/2020/01-01-2020/02-06-2020/1831008/0/0/35542/0/0/0/0/5032/21220123/149400/1487353/324765/0500005000054-2020;20200602;NA
0505022 000024/2020;sim;2270;FHEMIG;2270.01.0019226/2020-70;https://www.sei.mg.gov.br/sei/modulos/pesquisa/md_pesq_processo_exibir.php?IC2o8Z7ACQH4LdQ4jJLJzjPBiLtP6l2FsQacllhUf-duzEubalut9yvd8-CzYYNLu7pd-wiM0k633-D6khhQNVB_EHlDdvQlG0BKrpoiNgNs5MbO4SxOJWaUHJyA10IE;http://www.transparencia.mg.gov.br/compras-e-patrimonio/compras-e-contratos/comprasecontratos-procedimento/3/2020/01-01-2020/04-06-2020/1831008/0/0/19011/0/0/0/0/2737/56200293/221355/1759841/324486/0505022000024-2020;20200610;NA
0505022 000022/2020;sim;2270;FHEMIG;2270.01.0021063/2020-38;https://www.sei.mg.gov.br/sei/modulos/pesquisa/md_pesq_processo_exibir.php?IC2o8Z7ACQH4LdQ4jJLJzjPBiLtP6l2FsQacllhUf-duzEubalut9yvd8-CzYYNLu7pd-wiM0k633-D6khhQNZBSVWGzj7LO4AMvjGbcpymUtNe_E5QH4x_DDV4nw_A9;http://www.transparencia.mg.gov.br/compras-e-patrimonio/compras-e-contratos/comprasecontratos-procedimento/3/2020/01-01-2020/04-06-2020/1831008/0/0/58671/0/0/0/0/2737/56200293/219618/1758136/323827/0505022000022-2020;20200610;NA
2320310 000154/2020;nao;2320;HEMOMINAS;2320.01.0006840/2020-17;NA;NA;20200618;Registro de Preços
0250073 000028/2020;nao;1250;PMMG;NA;NA;NA;20200622;Registro de Preços
2320310 000127/2020;sim;2320;HEMOMINAS;2320.01.0004287/2020-78;https://www.sei.mg.gov.br/sei/modulos/pesquisa/md_pesq_processo_exibir.php?IC2o8Z7ACQH4LdQ4jJLJzjPBiLtP6l2FsQacllhUf-duzEubalut9yvd8-CzYYNLu7pd-wiM0k633-D6khhQNdJH-sA_3hgPBGJ42wyKT1LxVuwm-WE3z2iJzf6SLR3I;http://www.transparencia.mg.gov.br/compras-e-patrimonio/compras-e-contratos/comprasecontratos-procedimento/3/2020/01-03-2020/13-05-2020/1831016/0/0/57442/0/0/0/0/18356/79200036/108267/1244515/323219/2320310000127-2020;20200610;NA
2320310 000127/2020;sim;2320;HEMOMINAS;2320.01.0004287/2020-78;https://www.sei.mg.gov.br/sei/modulos/pesquisa/md_pesq_processo_exibir.php?IC2o8Z7ACQH4LdQ4jJLJzjPBiLtP6l2FsQacllhUf-duzEubalut9yvd8-CzYYNLu7pd-wiM0k633-D6khhQNdJH-sA_3hgPBGJ42wyKT1LxVuwm-WE3z2iJzf6SLR3I;http://www.transparencia.mg.gov.br/compras-e-patrimonio/compras-e-contratos/comprasecontratos-procedimento/3/2020/01-03-2020/13-05-2020/1831016/0/0/57442/0/0/0/0/18356/79200036/108267/1244515/323219/2320310000127-2020;20200610;NA
2320310 000127/2020;sim;2320;HEMOMINAS;2320.01.0004287/2020-78;https://www.sei.mg.gov.br/sei/modulos/pesquisa/md_pesq_processo_exibir.php?IC2o8Z7ACQH4LdQ4jJLJzjPBiLtP6l2FsQacllhUf-duzEubalut9yvd8-CzYYNLu7pd-wiM0k633-D6khhQNdJH-sA_3hgPBGJ42wyKT1LxVuwm-WE3z2iJzf6SLR3I;http://www.transparencia.mg.gov.br/compras-e-patrimonio/compras-e-contratos/comprasecontratos-procedimento/3/2020/01-03-2020/13-05-2020/1831016/0/0/57442/0/0/0/0/18356/79200036/108267/1244515/323219/2320310000127-2020;20200610;NA
2320310 000127/2020;sim;2320;HEMOMINAS;2320.01.0004287/2020-78;https://www.sei.mg.gov.br/sei/modulos/pesquisa/md_pesq_processo_exibir.php?IC2o8Z7ACQH4LdQ4jJLJzjPBiLtP6l2FsQacllhUf-duzEubalut9yvd8-CzYYNLu7pd-wiM0k633-D6khhQNdJH-sA_3hgPBGJ42wyKT1LxVuwm-WE3z2iJzf6SLR3I;http://www.transparencia.mg.gov.br/compras-e-patrimonio/compras-e-contratos/comprasecontratos-procedimento/3/2020/01-03-2020/13-05-2020/1831016/0/0/57442/0/0/0/0/18356/79200036/108267/1244515/323219/2320310000127-2020;20200610;NA
2320310 000127/2020;sim;2320;HEMOMINAS;2320.01.0004287/2020-78;https://www.sei.mg.gov.br/sei/modulos/pesquisa/md_pesq_processo_exibir.php?IC2o8Z7ACQH4LdQ4jJLJzjPBiLtP6l2FsQacllhUf-duzEubalut9yvd8-CzYYNLu7pd-wiM0k633-D6khhQNdJH-sA_3hgPBGJ42wyKT1LxVuwm-WE3z2iJzf6SLR3I;http://www.transparencia.mg.gov.br/compras-e-patrimonio/compras-e-contratos/comprasecontratos-procedimento/3/2020/01-03-2020/13-05-2020/1831016/0/0/57442/0/0/0/0/18356/79200036/108267/1244515/323219/2320310000127-2020;20200610;NA
2320310 000127/2020;sim;2320;HEMOMINAS;2320.01.0004287/2020-78;https://www.sei.mg.gov.br/sei/modulos/pesquisa/md_pesq_processo_exibir.php?IC2o8Z7ACQH4LdQ4jJLJzjPBiLtP6l2FsQacllhUf-duzEubalut9yvd8-CzYYNLu7pd-wiM0k633-D6khhQNdJH-sA_3hgPBGJ42wyKT1LxVuwm-WE3z2iJzf6SLR3I;http://www.transparencia.mg.gov.br/compras-e-patrimonio/compras-e-contratos/comprasecontratos-procedimento/3/2020/01-03-2020/13-05-2020/1831016/0/0/57442/0/0/0/0/18356/79200036/108267/1244515/323219/2320310000127-2020;20200610;NA
2320310 000127/2020;sim;2320;HEMOMINAS;2320.01.0004287/2020-78;https://www.sei.mg.gov.br/sei/modulos/pesquisa/md_pesq_processo_exibir.php?IC2o8Z7ACQH4LdQ4jJLJzjPBiLtP6l2FsQacllhUf-duzEubalut9yvd8-CzYYNLu7pd-wiM0k633-D6khhQNdJH-sA_3hgPBGJ42wyKT1LxVuwm-WE3z2iJzf6SLR3I;http://www.transparencia.mg.gov.br/compras-e-patrimonio/compras-e-contratos/comprasecontratos-procedimento/3/2020/01-03-2020/13-05-2020/1831016/0/0/57442/0/0/0/0/18356/79200036/108267/1244515/323219/2320310000127-2020;20200610;NA
2320310 000127/2020;sim;2320;HEMOMINAS;2320.01.0004287/2020-78;https://www.sei.mg.gov.br/sei/modulos/pesquisa/md_pesq_processo_exibir.php?IC2o8Z7ACQH4LdQ4jJLJzjPBiLtP6l2FsQacllhUf-duzEubalut9yvd8-CzYYNLu7pd-wiM0k633-D6khhQNdJH-sA_3hgPBGJ42wyKT1LxVuwm-WE3z2iJzf6SLR3I;http://www.transparencia.mg.gov.br/compras-e-patrimonio/compras-e-contratos/comprasecontratos-procedimento/3/2020/01-03-2020/13-05-2020/1831016/0/0/57442/0/0/0/0/18356/79200036/108267/1244515/323219/2320310000127-2020;20200610;NA
2320310 000127/2020;sim;2320;HEMOMINAS;2320.01.0004287/2020-78;https://www.sei.mg.gov.br/sei/modulos/pesquisa/md_pesq_processo_exibir.php?IC2o8Z7ACQH4LdQ4jJLJzjPBiLtP6l2FsQacllhUf-duzEubalut9yvd8-CzYYNLu7pd-wiM0k633-D6khhQNdJH-sA_3hgPBGJ42wyKT1LxVuwm-WE3z2iJzf6SLR3I;http://www.transparencia.mg.gov.br/compras-e-patrimonio/compras-e-contratos/comprasecontratos-procedimento/3/2020/01-03-2020/13-05-2020/1831016/0/0/57442/0/0/0/0/18356/79200036/108267/1244515/323219/2320310000127-2020;20200610;NA
2320310 000127/2020;sim;2320;HEMOMINAS;2320.01.0004287/2020-78;https://www.sei.mg.gov.br/sei/modulos/pesquisa/md_pesq_processo_exibir.php?IC2o8Z7ACQH4LdQ4jJLJzjPBiLtP6l2FsQacllhUf-duzEubalut9yvd8-CzYYNLu7pd-wiM0k633-D6khhQNdJH-sA_3hgPBGJ42wyKT1LxVuwm-WE3z2iJzf6SLR3I;http://www.transparencia.mg.gov.br/compras-e-patrimonio/compras-e-contratos/comprasecontratos-procedimento/3/2020/01-03-2020/13-05-2020/1831016/0/0/57442/0/0/0/0/18356/79200036/108267/1244515/323219/2320310000127-2020;20200610;NA
2320310 000127/2020;sim;2320;HEMOMINAS;2320.01.0004287/2020-78;https://www.sei.mg.gov.br/sei/modulos/pesquisa/md_pesq_processo_exibir.php?IC2o8Z7ACQH4LdQ4jJLJzjPBiLtP6l2FsQacllhUf-duzEubalut9yvd8-CzYYNLu7pd-wiM0k633-D6khhQNdJH-sA_3hgPBGJ42wyKT1LxVuwm-WE3z2iJzf6SLR3I;http://www.transparencia.mg.gov.br/compras-e-patrimonio/compras-e-contratos/comprasecontratos-procedimento/3/2020/01-03-2020/13-05-2020/1831016/0/0/57442/0/0/0/0/18356/79200036/108267/1244515/323219/2320310000127-2020;20200610;NA
2320310 000127/2020;sim;2320;HEMOMINAS;2320.01.0004287/2020-78;https://www.sei.mg.gov.br/sei/modulos/pesquisa/md_pesq_processo_exibir.php?IC2o8Z7ACQH4LdQ4jJLJzjPBiLtP6l2FsQacllhUf-duzEubalut9yvd8-CzYYNLu7pd-wiM0k633-D6khhQNdJH-sA_3hgPBGJ42wyKT1LxVuwm-WE3z2iJzf6SLR3I;http://www.transparencia.mg.gov.br/compras-e-patrimonio/compras-e-contratos/comprasecontratos-procedimento/3/2020/01-03-2020/13-05-2020/1831016/0/0/57442/0/0/0/0/18356/79200036/108267/1244515/323219/2320310000127-2020;20200610;NA
2281314 000011/2020;nao;2280;UTRAMIG;2280.01.0000390/2020-09;https://www.sei.mg.gov.br/sei/modulos/pesquisa/md_pesq_processo_exibir.php?IC2o8Z7ACQH4LdQ4jJLJzjPBiLtP6l2FsQacllhUf-duzEubalut9yvd8-CzYYNLu7pd-wiM0k633-D6khhQNdGSCarvNxJf-7CIqnjsEXbAOIlY0pk_RVeMl25opd55;http://www.transparencia.mg.gov.br/compras-e-patrimonio/compras-e-contratos/comprasecontratos-procedimento/3/2020/01-01-2020/22-06-2020/1831104/0/0/62303/0/0/0/0/21797/84950030/218748/1756699/324454/2281314000011-2020;20200622;Registro de Preços
2012015 000051/2020;sim;2010;IPSEMG;2010.01.0020426/2020-31;https://www.sei.mg.gov.br/sei/modulos/pesquisa/md_pesq_processo_exibir.php?IC2o8Z7ACQH4LdQ4jJLJzjPBiLtP6l2FsQacllhUf-duzEubalut9yvd8-CzYYNLu7pd-wiM0k633-D6khhQNTj8pIdi4pHAEn5oyrLcQaMTEgkbx3rOnCTpbEVoPAlu;http://www.transparencia.mg.gov.br/compras-e-patrimonio/compras-e-contratos/comprasecontratos-procedimento/3/2020/01-01-2020/22-06-2020/1831081/0/0/13609/0/0/0/0/9103/65155203/134879/1271890/324751/2012015000051-2020;20200622;NA
1401269 000029/2020;sim;1400;CBMMG;1400.01.0020570/2020-22;https://www.sei.mg.gov.br/sei/modulos/pesquisa/md_pesq_processo_exibir.php?IC2o8Z7ACQH4LdQ4jJLJzjPBiLtP6l2FsQacllhUf-duzEubalut9yvd8-CzYYNLu7pd-wiM0k633-D6khhQNW6_f3ie0RdhGKgmoxoMv6GZW5jkeMZUA_FXwQGuKzGG;http://www.transparencia.mg.gov.br/compras-e-patrimonio/compras-e-contratos/comprasecontratos-procedimento/3/2020/01-01-2020/24-06-2020/1831009/0/0/61167/0/0/0/0/469/65153138/7179/22969/322058/1401269000029-2020;20200624;NA
1401269 000029/2020;sim;1400;CBMMG;1400.01.0020580/2020-43;https://www.sei.mg.gov.br/sei/modulos/pesquisa/md_pesq_processo_exibir.php?IC2o8Z7ACQH4LdQ4jJLJzjPBiLtP6l2FsQacllhUf-duzEubalut9yvd8-CzYYNLu7pd-wiM0k633-D6khhQNbOF5KZFketoVYLqLhNL0djUmmGHhC0DEdz1QP1DNL6N;http://www.transparencia.mg.gov.br/compras-e-patrimonio/compras-e-contratos/comprasecontratos-procedimento/3/2020/01-01-2020/24-06-2020/1831009/0/0/61167/0/0/0/0/469/65153138/7179/22969/322058/1401269000029-2021;20200624;NA
1401269 000029/2020;sim;1400;CBMMG;1400.01.0020576/2020-54;https://www.sei.mg.gov.br/sei/modulos/pesquisa/md_pesq_processo_exibir.php?IC2o8Z7ACQH4LdQ4jJLJzjPBiLtP6l2FsQacllhUf-duzEubalut9yvd8-CzYYNLu7pd-wiM0k633-D6khhQNUzykkcc9gie8ajCb25-7-s7ihTGdHMtrtofSYaNK2Zp;http://www.transparencia.mg.gov.br/compras-e-patrimonio/compras-e-contratos/comprasecontratos-procedimento/3/2020/01-01-2020/24-06-2020/1831009/0/0/61167/0/0/0/0/469/65153138/7179/22969/322058/1401269000029-2022;20200624;NA
1401269 000029/2020;sim;1400;CBMMG;1400.01.0020579/2020-70;https://www.sei.mg.gov.br/sei/modulos/pesquisa/md_pesq_processo_exibir.php?IC2o8Z7ACQH4LdQ4jJLJzjPBiLtP6l2FsQacllhUf-duzEubalut9yvd8-CzYYNLu7pd-wiM0k633-D6khhQNQbwc9U63w2mffJydIyGW4HuFoxlMWPd87kYfYHbJVY9;http://www.transparencia.mg.gov.br/compras-e-patrimonio/compras-e-contratos/comprasecontratos-procedimento/3/2020/01-01-2020/24-06-2020/1831009/0/0/61167/0/0/0/0/469/65153138/7179/22969/322058/1401269000029-2023;20200624;NA
1401269 000029/2020;sim;1400;CBMMG;1400.01.0020582/2020-86;https://www.sei.mg.gov.br/sei/modulos/pesquisa/md_pesq_processo_exibir.php?IC2o8Z7ACQH4LdQ4jJLJzjPBiLtP6l2FsQacllhUf-duzEubalut9yvd8-CzYYNLu7pd-wiM0k633-D6khhQNZZLiuyztEoYurTmCjfEaW795ntzIY5u7C965oXwrwLX;http://www.transparencia.mg.gov.br/compras-e-patrimonio/compras-e-contratos/comprasecontratos-procedimento/3/2020/01-01-2020/24-06-2020/1831009/0/0/61167/0/0/0/0/469/65153138/7179/22969/322058/1401269000029-2024;20200624;NA
1401269 000029/2020;sim;1400;CBMMG;1400.01.0020584/2020-32;https://www.sei.mg.gov.br/sei/modulos/pesquisa/md_pesq_processo_exibir.php?IC2o8Z7ACQH4LdQ4jJLJzjPBiLtP6l2FsQacllhUf-duzEubalut9yvd8-CzYYNLu7pd-wiM0k633-D6khhQNXAtWEKhrKyhfzpO7hmVKj5jMK0bgpmA2vHfnXpKou_Y;http://www.transparencia.mg.gov.br/compras-e-patrimonio/compras-e-contratos/comprasecontratos-procedimento/3/2020/01-01-2020/24-06-2020/1831009/0/0/61167/0/0/0/0/469/65153138/7179/22969/322058/1401269000029-2025;20200624;NA
1401269 000029/2020;sim;1400;CBMMG;1400.01.0020567/2020-06;https://www.sei.mg.gov.br/sei/modulos/pesquisa/md_pesq_processo_exibir.php?IC2o8Z7ACQH4LdQ4jJLJzjPBiLtP6l2FsQacllhUf-duzEubalut9yvd8-CzYYNLu7pd-wiM0k633-D6khhQNYrshIPyGJvLYAXuAAhe-cG7vD4yIkzj0K7UPR2R7w2X;http://www.transparencia.mg.gov.br/compras-e-patrimonio/compras-e-contratos/comprasecontratos-procedimento/3/2020/01-01-2020/24-06-2020/1831009/0/0/61167/0/0/0/0/469/65153138/7179/22969/322058/1401269000029-2026;20200624;NA
1401269 000029/2020;sim;1400;CBMMG;1400.01.0020567/2020-06;https://www.sei.mg.gov.br/sei/modulos/pesquisa/md_pesq_processo_exibir.php?IC2o8Z7ACQH4LdQ4jJLJzjPBiLtP6l2FsQacllhUf-duzEubalut9yvd8-CzYYNLu7pd-wiM0k633-D6khhQNYrshIPyGJvLYAXuAAhe-cG7vD4yIkzj0K7UPR2R7w2X;http://www.transparencia.mg.gov.br/compras-e-patrimonio/compras-e-contratos/comprasecontratos-procedimento/3/2020/01-01-2020/24-06-2020/1831009/0/0/61167/0/0/0/0/469/65153138/7179/22969/322058/1401269000029-2027;20200624;NA
1401269 000029/2020;sim;1400;CBMMG;1400.01.0020574/2020-11;https://www.sei.mg.gov.br/sei/modulos/pesquisa/md_pesq_processo_exibir.php?IC2o8Z7ACQH4LdQ4jJLJzjPBiLtP6l2FsQacllhUf-duzEubalut9yvd8-CzYYNLu7pd-wiM0k633-D6khhQNXU7pveU6OJY_Iziy9AVLtgcsbpap5EPTnuYb2J1skSJ;http://www.transparencia.mg.gov.br/compras-e-patrimonio/compras-e-contratos/comprasecontratos-procedimento/3/2020/01-01-2020/24-06-2020/1831009/0/0/61167/0/0/0/0/469/65153138/7179/22969/322058/1401269000029-2028;20200624;NA
1401269 000029/2020;sim;1400;CBMMG;1400.01.0028743/2020-26;https://www.sei.mg.gov.br/sei/modulos/pesquisa/md_pesq_processo_exibir.php?IC2o8Z7ACQH4LdQ4jJLJzjPBiLtP6l2FsQacllhUf-duzEubalut9yvd8-CzYYNLu7pd-wiM0k633-D6khhQNddYKZ5X8qm5krVZAzkC9nkZ6kGmhXdOevVQvklYf8Ot;http://www.transparencia.mg.gov.br/compras-e-patrimonio/compras-e-contratos/comprasecontratos-procedimento/3/2020/01-01-2020/24-06-2020/1831009/0/0/61167/0/0/0/0/469/65153138/7179/22969/322058/1401269000029-2029;20200624;NA
1401269 000049/2020;sim;1400;CBMMG;1400.01.0029365/2020-13;https://www.sei.mg.gov.br/sei/modulos/pesquisa/md_pesq_processo_exibir.php?IC2o8Z7ACQH4LdQ4jJLJzjPBiLtP6l2FsQacllhUf-duzEubalut9yvd8-CzYYNLu7pd-wiM0k633-D6khhQNTyF6XsVuOlThmVBWodwvdG9GFCOFukzuoxk4jfoKXna;http://www.transparencia.mg.gov.br/compras-e-patrimonio/compras-e-contratos/comprasecontratos-procedimento/3/2020/01-01-2020/24-06-2020/1831009/0/0/14125/0/0/0/0/10733/65320034/8733/125245/324543/1401269000049-2020;20200624;NA
1401269 000049/2020;sim;1400;CBMMG;1400.01.0029363/2020-67;https://www.sei.mg.gov.br/sei/modulos/pesquisa/md_pesq_processo_exibir.php?IC2o8Z7ACQH4LdQ4jJLJzjPBiLtP6l2FsQacllhUf-duzEubalut9yvd8-CzYYNLu7pd-wiM0k633-D6khhQNcAh0kH3DMwxWfF7ANTiD1b5d7r8vHmDpUxxMQI-Pmtx;http://www.transparencia.mg.gov.br/compras-e-patrimonio/compras-e-contratos/comprasecontratos-procedimento/3/2020/01-01-2020/24-06-2020/1831009/0/0/14125/0/0/0/0/10733/65320034/8733/125245/324543/1401269000049-2021;20200624;NA
1401269 000049/2020;sim;1400;CBMMG;1400.01.0029362/2020-94;https://www.sei.mg.gov.br/sei/modulos/pesquisa/md_pesq_processo_exibir.php?IC2o8Z7ACQH4LdQ4jJLJzjPBiLtP6l2FsQacllhUf-duzEubalut9yvd8-CzYYNLu7pd-wiM0k633-D6khhQNfinCuzg7vp-3UdcR7buFLcg-kDLDHfDFOApS_0bHe4m;http://www.transparencia.mg.gov.br/compras-e-patrimonio/compras-e-contratos/comprasecontratos-procedimento/3/2020/01-01-2020/24-06-2020/1831009/0/0/14125/0/0/0/0/10733/65320034/8733/125245/324543/1401269000049-2022;20200624;NA
1401269 000049/2020;sim;1400;CBMMG;1400.01.0029364/2020-40;https://www.sei.mg.gov.br/sei/modulos/pesquisa/md_pesq_processo_exibir.php?IC2o8Z7ACQH4LdQ4jJLJzjPBiLtP6l2FsQacllhUf-duzEubalut9yvd8-CzYYNLu7pd-wiM0k633-D6khhQNXB-Fx01FN2O5KU2Icjuc0Rbo9eQcJhXbbvcuId7etdh;http://www.transparencia.mg.gov.br/compras-e-patrimonio/compras-e-contratos/comprasecontratos-procedimento/3/2020/01-01-2020/24-06-2020/1831009/0/0/14125/0/0/0/0/10733/65320034/8733/125245/324543/1401269000049-2023;20200624;NA
1401269 000049/2020;sim;1400;CBMMG;1400.01.0029366/2020-83;https://www.sei.mg.gov.br/sei/modulos/pesquisa/md_pesq_processo_exibir.php?IC2o8Z7ACQH4LdQ4jJLJzjPBiLtP6l2FsQacllhUf-duzEubalut9yvd8-CzYYNLu7pd-wiM0k633-D6khhQNSXNN_TzeZ8bzJfTs62bj_9E-M_CnRyMwppCfLG4OeTA;http://www.transparencia.mg.gov.br/compras-e-patrimonio/compras-e-contratos/comprasecontratos-procedimento/3/2020/01-01-2020/24-06-2020/1831009/0/0/14125/0/0/0/0/10733/65320034/8733/125245/324543/1401269000049-2024;20200624;NA
1401269 000049/2020;sim;1400;CBMMG;1400.01.0029367/2020-56;https://www.sei.mg.gov.br/sei/modulos/pesquisa/md_pesq_processo_exibir.php?IC2o8Z7ACQH4LdQ4jJLJzjPBiLtP6l2FsQacllhUf-duzEubalut9yvd8-CzYYNLu7pd-wiM0k633-D6khhQNR9kjaeAG9lnBqs_pKcb5RCpeLdCp_5VwW2vE-cjTkCX;http://www.transparencia.mg.gov.br/compras-e-patrimonio/compras-e-contratos/comprasecontratos-procedimento/3/2020/01-01-2020/24-06-2020/1831009/0/0/14125/0/0/0/0/10733/65320034/8733/125245/324543/1401269000049-2025;20200624;NA
1401269 000049/2020;sim;1400;CBMMG;1400.01.0029368/2020-29;https://www.sei.mg.gov.br/sei/modulos/pesquisa/md_pesq_processo_exibir.php?IC2o8Z7ACQH4LdQ4jJLJzjPBiLtP6l2FsQacllhUf-duzEubalut9yvd8-CzYYNLu7pd-wiM0k633-D6khhQNeS8fWzh6ZLzfbDeflbg_SJSW_gmLn8E9NMuFf67ft9s;http://www.transparencia.mg.gov.br/compras-e-patrimonio/compras-e-contratos/comprasecontratos-procedimento/3/2020/01-01-2020/24-06-2020/1831009/0/0/14125/0/0/0/0/10733/65320034/8733/125245/324543/1401269000049-2026;20200624;NA
1401269 000049/2020;sim;1400;CBMMG;1400.01.0029359/2020-78;https://www.sei.mg.gov.br/sei/modulos/pesquisa/md_pesq_processo_exibir.php?IC2o8Z7ACQH4LdQ4jJLJzjPBiLtP6l2FsQacllhUf-duzEubalut9yvd8-CzYYNLu7pd-wiM0k633-D6khhQNQyCtTQnLc_yZAseXZqYbzcChpm4LZ_6u_2g55fcWgGv;http://www.transparencia.mg.gov.br/compras-e-patrimonio/compras-e-contratos/comprasecontratos-procedimento/3/2020/01-01-2020/24-06-2020/1831009/0/0/14125/0/0/0/0/10733/65320034/8733/125245/324543/1401269000049-2027;20200624;NA
1401269 000049/2020;sim;1400;CBMMG;1400.01.0029360/2020-51;https://www.sei.mg.gov.br/sei/modulos/pesquisa/md_pesq_processo_exibir.php?IC2o8Z7ACQH4LdQ4jJLJzjPBiLtP6l2FsQacllhUf-duzEubalut9yvd8-CzYYNLu7pd-wiM0k633-D6khhQNTlNnu906we9zq8IrC7nkabX8qHDN6pxRfNtjDnuto7t;http://www.transparencia.mg.gov.br/compras-e-patrimonio/compras-e-contratos/comprasecontratos-procedimento/3/2020/01-01-2020/24-06-2020/1831009/0/0/14125/0/0/0/0/10733/65320034/8733/125245/324543/1401269000049-2028;20200624;NA
1401269 000049/2020;sim;1400;CBMMG;1400.01.0029361/2020-24;https://www.sei.mg.gov.br/sei/modulos/pesquisa/md_pesq_processo_exibir.php?IC2o8Z7ACQH4LdQ4jJLJzjPBiLtP6l2FsQacllhUf-duzEubalut9yvd8-CzYYNLu7pd-wiM0k633-D6khhQNaUeZaw3AHl5ThlepShLKom6SOJBdblp8s-d54qZvkfo;http://www.transparencia.mg.gov.br/compras-e-patrimonio/compras-e-contratos/comprasecontratos-procedimento/3/2020/01-01-2020/24-06-2020/1831009/0/0/14125/0/0/0/0/10733/65320034/8733/125245/324543/1401269000049-2029;20200624;NA
1401269 000044/2020;nao;1400;CBMMG;1400.01.0031857/2020-47;https://www.sei.mg.gov.br/sei/modulos/pesquisa/md_pesq_processo_exibir.php?IC2o8Z7ACQH4LdQ4jJLJzjPBiLtP6l2FsQacllhUf-duzEubalut9yvd8-CzYYNLu7pd-wiM0k633-D6khhQNbN0iv2XvfNYXeZBIKVpQw3n39vTwoe4_iVGg296bcY2;http://www.transparencia.mg.gov.br/compras-e-patrimonio/compras-e-contratos/comprasecontratos-procedimento/3/2020/01-01-2020/24-06-2020/1831009/0/0/62229/0/0/0/0/14048/68500300/29927/416932/325103/1401269000044-2020;20200624;Pregão
1401269 000044/2020;nao;1400;CBMMG;1400.01.0031859/2020-90;https://www.sei.mg.gov.br/sei/modulos/pesquisa/md_pesq_processo_exibir.php?IC2o8Z7ACQH4LdQ4jJLJzjPBiLtP6l2FsQacllhUf-duzEubalut9yvd8-CzYYNLu7pd-wiM0k633-D6khhQNWrtaX7_z5fS43eJ_Lc7v2QDEHfqZqobCmvTPUwi3yeF;http://www.transparencia.mg.gov.br/compras-e-patrimonio/compras-e-contratos/comprasecontratos-procedimento/3/2020/01-01-2020/24-06-2020/1831009/0/0/62229/0/0/0/0/14048/68500300/29927/416932/325103/1401269000044-2021;20200624;Pregão
1401269 000044/2020;nao;1400;CBMMG;1400.01.0031861/2020-36;https://www.sei.mg.gov.br/sei/modulos/pesquisa/md_pesq_processo_exibir.php?IC2o8Z7ACQH4LdQ4jJLJzjPBiLtP6l2FsQacllhUf-duzEubalut9yvd8-CzYYNLu7pd-wiM0k633-D6khhQNWrtaX7_z5fS43eJ_Lc7v2QDEHfqZqobCmvTPUwi3yeF;http://www.transparencia.mg.gov.br/compras-e-patrimonio/compras-e-contratos/comprasecontratos-procedimento/3/2020/01-01-2020/24-06-2020/1831009/0/0/62229/0/0/0/0/14048/68500300/29927/416932/325103/1401269000044-2022;20200624;Pregão
1401269 000044/2020;nao;1400;CBMMG;1400.01.0031862/2020-09;https://www.sei.mg.gov.br/sei/modulos/pesquisa/md_pesq_processo_exibir.php?IC2o8Z7ACQH4LdQ4jJLJzjPBiLtP6l2FsQacllhUf-duzEubalut9yvd8-CzYYNLu7pd-wiM0k633-D6khhQNfJGWMEtKBG3ULIzDrqpU_xZbE2chrlDP9ST59PrVfm5;http://www.transparencia.mg.gov.br/compras-e-patrimonio/compras-e-contratos/comprasecontratos-procedimento/3/2020/01-01-2020/24-06-2020/1831009/0/0/62229/0/0/0/0/14048/68500300/29927/416932/325103/1401269000044-2023;20200624;Pregão
1401269 000044/2020;nao;1400;CBMMG;1400.01.0031863/2020-79;https://www.sei.mg.gov.br/sei/modulos/pesquisa/md_pesq_processo_exibir.php?IC2o8Z7ACQH4LdQ4jJLJzjPBiLtP6l2FsQacllhUf-duzEubalut9yvd8-CzYYNLu7pd-wiM0k633-D6khhQNcFcDnsBggjK4VLt9nlPVXf6surZoFqFG8OrFdFk0nFj;http://www.transparencia.mg.gov.br/compras-e-patrimonio/compras-e-contratos/comprasecontratos-procedimento/3/2020/01-01-2020/24-06-2020/1831009/0/0/62229/0/0/0/0/14048/68500300/29927/416932/325103/1401269000044-2024;20200624;Pregão
1401269 000044/2020;nao;1400;CBMMG;1400.01.0031864/2020-52;https://www.sei.mg.gov.br/sei/modulos/pesquisa/md_pesq_processo_exibir.php?IC2o8Z7ACQH4LdQ4jJLJzjPBiLtP6l2FsQacllhUf-duzEubalut9yvd8-CzYYNLu7pd-wiM0k633-D6khhQNbRSiL9IOE5xx0USsMr8Ovm1Qg5rnq2XPpEgIeXsqMlc;http://www.transparencia.mg.gov.br/compras-e-patrimonio/compras-e-contratos/comprasecontratos-procedimento/3/2020/01-01-2020/24-06-2020/1831009/0/0/62229/0/0/0/0/14048/68500300/29927/416932/325103/1401269000044-2025;20200624;Pregão
1401269 000044/2020;nao;1400;CBMMG;1400.01.0031865/2020-25;https://www.sei.mg.gov.br/sei/modulos/pesquisa/md_pesq_processo_exibir.php?IC2o8Z7ACQH4LdQ4jJLJzjPBiLtP6l2FsQacllhUf-duzEubalut9yvd8-CzYYNLu7pd-wiM0k633-D6khhQNUh-QsYOphXQpqfJOIFMfv_cDs2K2yguN1hX7y7xalcv;http://www.transparencia.mg.gov.br/compras-e-patrimonio/compras-e-contratos/comprasecontratos-procedimento/3/2020/01-01-2020/24-06-2020/1831009/0/0/62229/0/0/0/0/14048/68500300/29927/416932/325103/1401269000044-2026;20200624;Pregão
1401269 000044/2020;nao;1400;CBMMG;1400.01.0031866/2020-95;https://www.sei.mg.gov.br/sei/modulos/pesquisa/md_pesq_processo_exibir.php?IC2o8Z7ACQH4LdQ4jJLJzjPBiLtP6l2FsQacllhUf-duzEubalut9yvd8-CzYYNLu7pd-wiM0k633-D6khhQNYXcPeQTwPa_mlgm8GVKff3V3n5jN7u_yr835-b6tHNr;http://www.transparencia.mg.gov.br/compras-e-patrimonio/compras-e-contratos/comprasecontratos-procedimento/3/2020/01-01-2020/24-06-2020/1831009/0/0/62229/0/0/0/0/14048/68500300/29927/416932/325103/1401269000044-2027;20200624;Pregão
1401269 000044/2020;nao;1400;CBMMG;1400.01.0031867/2020-68;https://www.sei.mg.gov.br/sei/modulos/pesquisa/md_pesq_processo_exibir.php?IC2o8Z7ACQH4LdQ4jJLJzjPBiLtP6l2FsQacllhUf-duzEubalut9yvd8-CzYYNLu7pd-wiM0k633-D6khhQNe14CPMSpwCcxsIzHz5dgZlssXD4E0yKWMz0593a_KjG;http://www.transparencia.mg.gov.br/compras-e-patrimonio/compras-e-contratos/comprasecontratos-procedimento/3/2020/01-01-2020/24-06-2020/1831009/0/0/62229/0/0/0/0/14048/68500300/29927/416932/325103/1401269000044-2028;20200624;Pregão
1401269 000057/2020;nao;1400;CBMMG;1400.01.0031906/2020-82;https://www.sei.mg.gov.br/sei/modulos/pesquisa/md_pesq_processo_exibir.php?IC2o8Z7ACQH4LdQ4jJLJzjPBiLtP6l2FsQacllhUf-duzEubalut9yvd8-CzYYNLu7pd-wiM0k633-D6khhQNZJooiPaGpBtEA9hlCuL7bDoYGwjU-DZbmT-_BmqqaMa;;20200624;Pregão
1401269 000052/2020;nao;1400;CBMMG;1400.01.0028718/2020-22;https://www.sei.mg.gov.br/sei/modulos/pesquisa/md_pesq_processo_exibir.php?IC2o8Z7ACQH4LdQ4jJLJzjPBiLtP6l2FsQacllhUf-duzEubalut9yvd8-CzYYNLu7pd-wiM0k633-D6khhQNbeQYyrGqc75KTiJirGjpowIT7SD_40m1HMf-I1eyVir;;20200624;Pregão
1401608 000009/2020;sim;1400;CBMMG;1400.01.0024060/2020-76;https://www.sei.mg.gov.br/sei/modulos/pesquisa/md_pesq_processo_exibir.php?IC2o8Z7ACQH4LdQ4jJLJzjPBiLtP6l2FsQacllhUf-duzEubalut9yvd8-CzYYNLu7pd-wiM0k633-D6khhQNWjYxpTJ6cY5pMv4NnUUAIxBEk65C56Tx3WuWIMHGfIx;http://www.transparencia.mg.gov.br/compras-e-patrimonio/compras-e-contratos/comprasecontratos-procedimento/3/2020/01-01-2020/24-06-2020/1831009/0/0/3692/0/0/0/0/1817/9040021/189320/90670/324849/1401608000009-2020;20200624;NA
1401608 000009/2020;sim;1400;CBMMG;1400.01.0024060/2020-76;https://www.sei.mg.gov.br/sei/modulos/pesquisa/md_pesq_processo_exibir.php?IC2o8Z7ACQH4LdQ4jJLJzjPBiLtP6l2FsQacllhUf-duzEubalut9yvd8-CzYYNLu7pd-wiM0k633-D6khhQNWjYxpTJ6cY5pMv4NnUUAIxBEk65C56Tx3WuWIMHGfIx;http://www.transparencia.mg.gov.br/compras-e-patrimonio/compras-e-contratos/comprasecontratos-procedimento/3/2020/01-01-2020/24-06-2020/1831009/0/0/3692/0/0/0/0/1817/9040021/189320/90670/324849/1401608000009-2020;20200624;NA
1401608 000006/2020;nao;1400;CBMMG;1400.01.0027806/2020-08;https://www.sei.mg.gov.br/sei/modulos/pesquisa/md_pesq_processo_exibir.php?IC2o8Z7ACQH4LdQ4jJLJzjPBiLtP6l2FsQacllhUf-duzEubalut9yvd8-CzYYNLu7pd-wiM0k633-D6khhQNYaoy0Dn5PudhhSL9tyvjA8C2-5YhTlUo-k33yy2ZJ3O;http://www.transparencia.mg.gov.br/compras-e-patrimonio/compras-e-contratos/comprasecontratos-procedimento/3/2020/01-01-2020/24-06-2020/1831009/0/0/62438/0/0/0/0/22148/42300126/221503/1759957/325023/1401608000006-2020;20200624;Pregão
1401608 000011/2020;nao;1400;CBMMG;1400.01.0029563/2020-02;https://www.sei.mg.gov.br/sei/modulos/pesquisa/md_pesq_processo_exibir.php?IC2o8Z7ACQH4LdQ4jJLJzjPBiLtP6l2FsQacllhUf-duzEubalut9yvd8-CzYYNLu7pd-wiM0k633-D6khhQNTuKrx28-LXCh34sH6SpYiBpujM5Fb6GF8z0engkMSC6;;20200624;NA
NA;nao;1450;SEJUSP;1450.01.0065176/2019-93;https://www.sei.mg.gov.br/sei/modulos/pesquisa/md_pesq_processo_exibir.php?IC2o8Z7ACQH4LdQ4jJLJzjPBiLtP6l2FsQacllhUf-duzEubalut9yvd8-CzYYNLu7pd-wiM0k633-D6khhQNTuKrx28-LXCh34sH6SpYiBpujM5Fb6GF8z0engkMSC6;NA;20200624;Contratação de excepcional Interesse Público - Lei 18.185
2121022 000021/2020;sim;2120;IPSM;2120.01.0003104/2020-85;https://www.sei.mg.gov.br/sei/modulos/pesquisa/md_pesq_processo_exibir.php?IC2o8Z7ACQH4LdQ4jJLJzjPBiLtP6l2FsQacllhUf-duzEubalut9yvd8-CzYYNLu7pd-wiM0k633-D6khhQNXY-m8gPf-hQ0mo22dmh-_0U7p4QzvU92UzSIdqZfRMC;http://www.transparencia.mg.gov.br/compras-e-patrimonio/compras-e-contratos/comprasecontratos-procedimento/3/2020/01-01-2020/30-06-2020/1831097/0/0/62017/0/0/0/0/10733/65320034/191403/1718940/322704/2121022000021-2020;20200630;NA
2121022 000016/2020;sim;2120;IPSM;2120.01.0002426/2020-58;https://www.sei.mg.gov.br/sei/modulos/pesquisa/md_pesq_processo_exibir.php?IC2o8Z7ACQH4LdQ4jJLJzjPBiLtP6l2FsQacllhUf-duzEubalut9yvd8-CzYYNLu7pd-wiM0k633-D6khhQNbkDdfN-L9Clz1AdiQkQlFQXZ2VNXeTve-noWRbweyAb;http://www.transparencia.mg.gov.br/compras-e-patrimonio/compras-e-contratos/comprasecontratos-procedimento/3/2020/01-01-2020/30-06-2020/1831097/0/0/23776/0/0/0/0/21585/79300596/170097/1669486/322871/2121022000016-2020;20200630;NA
2121022 000023/2020;sim;2120;IPSM;2120.01.0004743/2020-64;https://www.sei.mg.gov.br/sei/modulos/pesquisa/md_pesq_processo_exibir.php?IC2o8Z7ACQH4LdQ4jJLJzjPBiLtP6l2FsQacllhUf-duzEubalut9yvd8-CzYYNLu7pd-wiM0k633-D6khhQNcUdyV8a25nm0QSZh2zXXS5x39zwLWeMeuOQand_JZQA;http://www.transparencia.mg.gov.br/compras-e-patrimonio/compras-e-contratos/comprasecontratos-procedimento/3/2020/01-01-2020/30-06-2020/1831097/0/0/38852/0/0/0/0/16090/79300022/59640/835889/325676/2121022000023-2020;20200630;NA
2121022 000026/2020;nao;2120;IPSM;2120.01.0004408/2020-88;https://www.sei.mg.gov.br/sei/modulos/pesquisa/md_pesq_processo_exibir.php?IC2o8Z7ACQH4LdQ4jJLJzjPBiLtP6l2FsQacllhUf-duzEubalut9yvd8-CzYYNLu7pd-wiM0k633-D6khhQNbhqP1jNoT6rnyEwMdv4QtXJGr98UHKIYPkiuVysaWCS;http://www.transparencia.mg.gov.br/compras-e-patrimonio/compras-e-contratos/comprasecontratos-procedimento/3/2020/01-01-2020/30-06-2020/1831097/0/0/20831/0/0/0/0/7848/65150031/144497/1443968/326156/2121022000026-2020;20200630;Registro de Preços
0500005 000066/2020;sim;2270;FHEMIG;2270.01.0026224/2020-80;https://www.sei.mg.gov.br/sei/modulos/pesquisa/md_pesq_processo_exibir.php?IC2o8Z7ACQH4LdQ4jJLJzjPBiLtP6l2FsQacllhUf-duzEubalut9yvd8-CzYYNLu7pd-wiM0k633-D6khhQNRlXVL_JZkyeQumMJWWr54zobSwVRnT8yG9boSkBilyj;http://www.transparencia.mg.gov.br/compras-e-patrimonio/compras-e-contratos/comprasecontratos-procedimento/3/2020/01-01-2020/30-06-2020/1831008/0/0/19757/0/0/0/0/21697/85400130/173778/1686372/326036/0500005000066-2020;20200630;NA
2121022 000027/2020;nao;2120;IPSM;2120.01.0005677/2020-66;https://www.sei.mg.gov.br/sei/modulos/pesquisa/md_pesq_processo_exibir.php?IC2o8Z7ACQH4LdQ4jJLJzjPBiLtP6l2FsQacllhUf-duzEubalut9yvd8-CzYYNLu7pd-wiM0k633-D6khhQNRpGoV_0IF4giYauEBWQew5rZ2OLwigFYXhySFQuTFwc;http://www.transparencia.mg.gov.br/compras-e-patrimonio/compras-e-contratos/comprasecontratos-procedimento/3/2020/01-01-2020/01-07-2020/1831097/0/0/62303/0/0/0/0/21797/84950030/218748/1756699/326274/2121022000027-2020;20200701;Registro de Preços
2012015 000071/2020;sim;2010;IPSEMG;2010.01.0025147/2020-22;https://www.sei.mg.gov.br/sei/modulos/pesquisa/md_pesq_processo_exibir.php?IC2o8Z7ACQH4LdQ4jJLJzjPBiLtP6l2FsQacllhUf-duzEubalut9yvd8-CzYYNLu7pd-wiM0k633-D6khhQNQfdXj08nLKsdfp-ZSyjtZsd4OeKlYUeCe3Y8l5nGAoG;http://www.transparencia.mg.gov.br/compras-e-patrimonio/compras-e-contratos/comprasecontratos-procedimento/3/2020/01-01-2020/02-07-2020/1831081/0/0/30038/0/0/0/0/22139/68204981/220118/1758276/326102/2012015000071-2020;20200702;NA
2311076 000200/2020;sim;2310;UNIMONTES;2310.01.0006565/2020-35;https://www.sei.mg.gov.br/sei/modulos/pesquisa/md_pesq_processo_exibir.php?IC2o8Z7ACQH4LdQ4jJLJzjPBiLtP6l2FsQacllhUf-duzEubalut9yvd8-CzYYNLu7pd-wiM0k633-D6khhQNZ45mW9t_E3LIoTnYioO6kNk1Zk5f0ao3wEJQfu0IOIo;http://www.transparencia.mg.gov.br/compras-e-patrimonio/compras-e-contratos/comprasecontratos-procedimento/3/2020/01-01-2020/02-07-2020/1831059/0/0/13726/0/0/0/0/20815/21110140/217891/1755897/325967/2311076000200-2020;20200702;NA
2320310 000201/2020;sim;2320;HEMOMINAS;2320.01.0007282/2020-14;https://www.sei.mg.gov.br/sei/modulos/pesquisa/md_pesq_processo_exibir.php?IC2o8Z7ACQH4LdQ4jJLJzjPBiLtP6l2FsQacllhUf-duzEubalut9yvd8-CzYYNLu7pd-wiM0k633-D6khhQNfEANceHYe9YALv-Lkm_pd1K4zyhaeV8RlXJ-jfusexf;http://www.transparencia.mg.gov.br/covid-19/compras-contratos/contratoscovid-detalharcompra/326183;20200703;NA
0500005 000072/2020;sim;2270;FHEMIG;2270.01.0026568/2020-07;https://www.sei.mg.gov.br/sei/modulos/pesquisa/md_pesq_processo_exibir.php?IC2o8Z7ACQH4LdQ4jJLJzjPBiLtP6l2FsQacllhUf-duzEubalut9yvd8-CzYYNLu7pd-wiM0k633-D6khhQNbq_Jmzwm1ShdzM68c5vyR_IxYx6rYtk7SvCLlykM9IY;http://www.transparencia.mg.gov.br/compras-e-patrimonio/compras-e-contratos/comprasecontratos-procedimento/3/2020/01-01-2020/06-07-2020/1831008/0/0/16032/0/0/0/0/19783/65181271/48662/685917/326390/0500005000072-2020;20200706;NA
0500005 000073/2020;sim;2270;FHEMIG;2270.01.0026482/2020-98;https://www.sei.mg.gov.br/sei/modulos/pesquisa/md_pesq_processo_exibir.php?IC2o8Z7ACQH4LdQ4jJLJzjPBiLtP6l2FsQacllhUf-duzEubalut9yvd8-CzYYNLu7pd-wiM0k633-D6khhQNdG169bwc3K01sQ9_nbQTD7COSm3FbAk65JHHOJwQ_qq;http://www.transparencia.mg.gov.br/compras-e-patrimonio/compras-e-contratos/comprasecontratos-procedimento/3/2020/01-01-2020/06-07-2020/1831008/0/0/37380/0/0/0/0/17709/8020477/94210/18880/326409/0500005000073-2020;20200706;NA
2012194 000003/2020;sim;2010;IPSEMG;2010.01.0019957/2020-84;https://www.sei.mg.gov.br/sei/modulos/pesquisa/md_pesq_processo_exibir.php?IC2o8Z7ACQH4LdQ4jJLJzjPBiLtP6l2FsQacllhUf-duzEubalut9yvd8-CzYYNLu7pd-wiM0k633-D6khhQNVZSQV91fGK89jvY-bG8XF0WomA33vcy-mlrc5d6NAEK;http://www.transparencia.mg.gov.br/compras-e-patrimonio/compras-e-contratos/comprasecontratos-procedimento/3/2020/01-01-2020/09-07-2020/1831081/0/0/18817/0/0/0/0/5308/61400149/102646/1188364/325215/2012194000003-2020;20200709;NA
1401269 000067/2020;sim;1400;CBMMG;;;http://www.transparencia.mg.gov.br/compras-e-patrimonio/compras-e-contratos/comprasecontratos-procedimento/3/2020/01-01-2020/16-07-2020/1831009/0/0/57009/0/0/0/0/17564/3010031/94354/1015/327143/1401269000067-2020;20200716;PUBLICADO DIA 16
1255302 000014/2020;sim;1250;PMMG;1500.01.0016170/2020-56;https://www.sei.mg.gov.br/sei/modulos/pesquisa/md_pesq_processo_exibir.php?IC2o8Z7ACQH4LdQ4jJLJzjPBiLtP6l2FsQacllhUf-duzEubalut9yvd8-CzYYNLu7pd-wiM0k633-D6khhQNVwAL_Jcg1pWb4u8HPiKB8N7JbuPq6BzBiuUi7M8uByy;http://www.transparencia.mg.gov.br/compras-e-patrimonio/compras-e-contratos/comprasecontratos-procedimento/3/2020/01-01-2020/14-07-2020/1831094/0/0/61932/0/0/0/0/15788/83050019/215076/1752731/321278/1501561000014-2020;20200714;NA
1255302 000022/2020;sim;1250;PMMG;1250.01.0001547/2020-85;https://www.sei.mg.gov.br/sei/modulos/pesquisa/md_pesq_processo_exibir.php?IC2o8Z7ACQH4LdQ4jJLJzjPBiLtP6l2FsQacllhUf-duzEubalut9yvd8-CzYYNLu7pd-wiM0k633-D6khhQNeaKOyqvG04Bo0t4X9FKDGMkllqDVoicYgfgOun_woYt;http://www.transparencia.mg.gov.br/compras-e-patrimonio/compras-e-contratos/comprasecontratos-procedimento/3/2020/01-01-2020/14-07-2020/1831094/0/0/59610/0/0/0/0/17150/68202490/98000/1143719/320866/1255302000022-2020;20200714;NA
1255302 000032/2020;sim;1250;PMMG;1250.01.0001632/2020-21;https://www.sei.mg.gov.br/sei/modulos/pesquisa/md_pesq_processo_exibir.php?IC2o8Z7ACQH4LdQ4jJLJzjPBiLtP6l2FsQacllhUf-duzEubalut9yvd8-CzYYNLu7pd-wiM0k633-D6khhQNRsv_7JmsN9Fl91GrEqBbP52-oQcWwCA20a9qsJARRaH;http://www.transparencia.mg.gov.br/compras-e-patrimonio/compras-e-contratos/comprasecontratos-procedimento/3/2020/01-01-2020/14-07-2020/1831094/0/0/54440/0/0/0/0/9103/65155203/214376/1752073/321090/1255302000032-2020;20200714;NA
1255302 000043/2020;sim;1250;PMMG;1250.01.0002027/2020-26;https://www.sei.mg.gov.br/sei/modulos/pesquisa/md_pesq_processo_exibir.php?IC2o8Z7ACQH4LdQ4jJLJzjPBiLtP6l2FsQacllhUf-duzEubalut9yvd8-CzYYNLu7pd-wiM0k633-D6khhQNTtWPcoUTEo2jN3h96l-0j-5mn5ZCXsv2gIQ5cAc9y4y;http://www.transparencia.mg.gov.br/compras-e-patrimonio/compras-e-contratos/comprasecontratos-procedimento/3/2020/01-01-2020/14-07-2020/1831094/0/0/61988/0/0/0/0/12259/9030930/98759/32212/322136/1255302000043-2020;20200714;NA
1255302 000100/2020;sim;1250;PMMG;1250.01.0002574/2020-98 ;https://www.sei.mg.gov.br/sei/modulos/pesquisa/md_pesq_processo_exibir.php?IC2o8Z7ACQH4LdQ4jJLJzjPBiLtP6l2FsQacllhUf-duzEubalut9yvd8-CzYYNLu7pd-wiM0k633-D6khhQNV2L-7PSeM1ealkOhQHWPtwP3MSSfvz3YDbvMqJhMXGY;http://www.transparencia.mg.gov.br/compras-e-patrimonio/compras-e-contratos/comprasecontratos-procedimento/3/2020/01-01-2020/14-07-2020/1831094/0/0/18895/0/0/0/0/9103/65155203/221651/1760254/326259/1255302000100-2020;20200714;NA
1255302 000110/2020;sim;1250;PMMG;1250.01.0004180/2020-95;https://www.sei.mg.gov.br/sei/modulos/pesquisa/md_pesq_processo_exibir.php?IC2o8Z7ACQH4LdQ4jJLJzjPBiLtP6l2FsQacllhUf-duzEubalut9yvd8-CzYYNLu7pd-wiM0k633-D6khhQNS2ZV15tSEn4Oy1FXr8m9mzDxKHwKbD3P-9xc9YTIlqy;http://www.transparencia.mg.gov.br/compras-e-patrimonio/compras-e-contratos/comprasecontratos-procedimento/3/2020/01-01-2020/14-07-2020/1831094/0/0/39630/0/0/0/0/7614/21690014/156892/1512552/326528/1255302000110-2020;20200714;NA
1255302 000111/2020;sim;1250;PMMG;1250.01.0003181/2020-05;https://www.sei.mg.gov.br/sei/modulos/pesquisa/md_pesq_processo_exibir.php?IC2o8Z7ACQH4LdQ4jJLJzjPBiLtP6l2FsQacllhUf-duzEubalut9yvd8-CzYYNLu7pd-wiM0k633-D6khhQNerNxJsj5EhKGVmFXiWGn2iqleq5AbGPD14s_QKEwgn3;http://www.transparencia.mg.gov.br/compras-e-patrimonio/compras-e-contratos/comprasecontratos-procedimento/3/2020/01-01-2020/14-07-2020/1831094/0/0/19891/0/0/0/0/22146/41500105/221353/1759892/326461/1255302000111-2020;20200714;NA
1255302 000062/2020;sim;1250;PMMG;1250.01.0002866/2020-71;https://www.sei.mg.gov.br/sei/modulos/pesquisa/md_pesq_processo_exibir.php?IC2o8Z7ACQH4LdQ4jJLJzjPBiLtP6l2FsQacllhUf-duzEubalut9yvd8-CzYYNLu7pd-wiM0k633-D6khhQNZzjvYCM1yjxbhzEKFuovWcpIIDZFpPMBjkv7lrw9MSU;http://www.transparencia.mg.gov.br/compras-e-patrimonio/compras-e-contratos/comprasecontratos-procedimento/3/2020/01-01-2020/14-07-2020/1831094/0/0/22828/0/0/0/0/7863/65181492/55147/831786/326162/1255302000062-2020;20200714;NA
1255302 000065/2020;sim;1250;PMMG;1250.01.0002470/2020-93;https://www.sei.mg.gov.br/sei/modulos/pesquisa/md_pesq_processo_exibir.php?IC2o8Z7ACQH4LdQ4jJLJzjPBiLtP6l2FsQacllhUf-duzEubalut9yvd8-CzYYNLu7pd-wiM0k633-D6khhQNTgldH9Sjxb59LbzLEZdvMK4zi6iCmX4HSg4q19Fk3Jm;http://www.transparencia.mg.gov.br/compras-e-patrimonio/compras-e-contratos/comprasecontratos-procedimento/3/2020/01-01-2020/14-07-2020/1831094/0/0/58308/0/0/0/0/2698/65100247/219105/1757032/324065/1255302000065-2020;20200714;NA
1255302 000099/2020;sim;1250;PMMG;1250.01.0002953/2020-50;https://www.sei.mg.gov.br/sei/modulos/pesquisa/md_pesq_processo_exibir.php?IC2o8Z7ACQH4LdQ4jJLJzjPBiLtP6l2FsQacllhUf-duzEubalut9yvd8-CzYYNLu7pd-wiM0k633-D6khhQNSWix9R_1DKHgiN78GFPlr-4kgVfAk5e8PC8NfaRg9Xu;http://www.transparencia.mg.gov.br/compras-e-patrimonio/compras-e-contratos/comprasecontratos-procedimento/3/2020/01-01-2020/14-07-2020/1831094/0/0/18859/0/0/0/0/7863/65181492/222220/1760734/326267/1255302000099-2020;20200714;NA
0250073 000007/2020;sim;1250;PMMG;1250.01.0002112/2020-59;https://www.sei.mg.gov.br/sei/modulos/pesquisa/md_pesq_processo_exibir.php?IC2o8Z7ACQH4LdQ4jJLJzjPBiLtP6l2FsQacllhUf-duzEubalut9yvd8-CzYYNLu7pd-wiM0k633-D6khhQNd5qM5rtOiR3v4lywf0Vtn_aBdGsWP6aTXrNaElhxpGv;http://www.transparencia.mg.gov.br/compras-e-patrimonio/compras-e-contratos/comprasecontratos-procedimento/3/2020/01-01-2020/14-07-2020/1831094/0/0/55181/0/0/0/0/1857/9120017/92044/7609/326080/0250073000007-2020;20200714;NA
0250073 000017/2020;sim;1250;PMMG;1250.01.0002274/2020-50;https://www.sei.mg.gov.br/sei/modulos/pesquisa/md_pesq_processo_exibir.php?IC2o8Z7ACQH4LdQ4jJLJzjPBiLtP6l2FsQacllhUf-duzEubalut9yvd8-CzYYNLu7pd-wiM0k633-D6khhQNYBPQwUvjGWrDpoJbJNb960oQRIC3UL9E7SDtqUICLhL;http://www.transparencia.mg.gov.br/compras-e-patrimonio/compras-e-contratos/comprasecontratos-procedimento/3/2020/01-01-2020/14-07-2020/1831094/0/0/9190/0/0/0/0/1547/65181220/167591/1649256/324772/0250073000017-2020;20200714;NA
0250073 000018/2020;sim;1250;PMMG;1250.01.0002368/2020-34;https://www.sei.mg.gov.br/sei/modulos/pesquisa/md_pesq_processo_exibir.php?IC2o8Z7ACQH4LdQ4jJLJzjPBiLtP6l2FsQacllhUf-duzEubalut9yvd8-CzYYNLu7pd-wiM0k633-D6khhQNaNtuhERzlq0ZKIRXiY1vFLZ6ZGvK1dffaCat6xon1D8;http://www.transparencia.mg.gov.br/compras-e-patrimonio/compras-e-contratos/comprasecontratos-procedimento/3/2020/01-01-2020/14-07-2020/1831094/0/0/62556/0/0/0/0/1068/65180461/181097/1700928/324944/0250073000018-2020;20200714;NA
0250073 000020/2020;sim;1250;PMMG;1250.01.0002287/2020-87;https://www.sei.mg.gov.br/sei/modulos/pesquisa/md_pesq_processo_exibir.php?IC2o8Z7ACQH4LdQ4jJLJzjPBiLtP6l2FsQacllhUf-duzEubalut9yvd8-CzYYNLu7pd-wiM0k633-D6khhQNQMXKmSthHM4sBSnnS_zXHgd9OBjo9xCS5kKpE8rA7sl;http://www.transparencia.mg.gov.br/compras-e-patrimonio/compras-e-contratos/comprasecontratos-procedimento/3/2020/01-01-2020/14-07-2020/1831094/0/0/62489/0/0/0/0/3200/65300459/162293/1601407/324773/0250073000020-2020;20200714;NA
0250073 000021/2020;sim;1250;PMMG;1250.01.0002747/2020-83;https://www.sei.mg.gov.br/sei/modulos/pesquisa/md_pesq_processo_exibir.php?IC2o8Z7ACQH4LdQ4jJLJzjPBiLtP6l2FsQacllhUf-duzEubalut9yvd8-CzYYNLu7pd-wiM0k633-D6khhQNVdctmmHtxlNNBvvuP43p_Ce5rSOHGiG6XFHrbyN5W0x;http://www.transparencia.mg.gov.br/compras-e-patrimonio/compras-e-contratos/comprasecontratos-procedimento/3/2020/01-01-2020/14-07-2020/1831094/0/0/14402/0/0/0/0/1362/65181247/162018/1598260/324993/0250073000021-2020;20200714;NA
0250073 000025/2020;sim;1250;PMMG;1250.01.0002920/2020-68;https://www.sei.mg.gov.br/sei/modulos/pesquisa/md_pesq_processo_exibir.php?IC2o8Z7ACQH4LdQ4jJLJzjPBiLtP6l2FsQacllhUf-duzEubalut9yvd8-CzYYNLu7pd-wiM0k633-D6khhQNUq-DlMQcAf_IlObshNoBpse3m5oHnS0aaYBN5wpZrRp;http://www.transparencia.mg.gov.br/compras-e-patrimonio/compras-e-contratos/comprasecontratos-procedimento/3/2020/01-01-2020/14-07-2020/1831094/0/0/7753/0/0/0/0/1857/9120017/92044/7609/326626/0250073000025-2020;20200714;NA
0250073 000026/2020;nao;1250;PMMG;1250.01.0003200/2020-74;https://www.sei.mg.gov.br/sei/modulos/pesquisa/md_pesq_processo_exibir.php?IC2o8Z7ACQH4LdQ4jJLJzjPBiLtP6l2FsQacllhUf-duzEubalut9yvd8-CzYYNLu7pd-wiM0k633-D6khhQNbjm3WyQzna7GwIQRKm9zAhRKRP3Hiwm68zgYOci3YZv;;20200714;processo não concluído
0250073 000027/2020;nao;1250;PMMG;1250.01.0003112/2020-25;https://www.sei.mg.gov.br/sei/modulos/pesquisa/md_pesq_processo_exibir.php?IC2o8Z7ACQH4LdQ4jJLJzjPBiLtP6l2FsQacllhUf-duzEubalut9yvd8-CzYYNLu7pd-wiM0k633-D6khhQNfk81FUgOZBS9BbIQhEU8y261VEPPG5Pl49W2gEPIyYF;;20200714;processo não concluído
0250073 000031/2020;sim;1250;PMMG;1250.01.0002909/2020-74;https://www.sei.mg.gov.br/sei/modulos/pesquisa/md_pesq_processo_exibir.php?IC2o8Z7ACQH4LdQ4jJLJzjPBiLtP6l2FsQacllhUf-duzEubalut9yvd8-CzYYNLu7pd-wiM0k633-D6khhQNYFmE1l_Ze6jU1v8gn0BUcjcEirUz3nhgi3DN3aRKH9f;http://www.transparencia.mg.gov.br/compras-e-patrimonio/compras-e-contratos/comprasecontratos-procedimento/3/2020/01-01-2020/14-07-2020/1831094/0/0/60473/0/0/0/0/3275/39200043/55904/699233/326144/0250073000031-2020;20200714;NA
0250073 000036/2020;sim;1250;PMMG;1250.01.0002868/2020-17;https://www.sei.mg.gov.br/sei/modulos/pesquisa/md_pesq_processo_exibir.php?IC2o8Z7ACQH4LdQ4jJLJzjPBiLtP6l2FsQacllhUf-duzEubalut9yvd8-CzYYNLu7pd-wiM0k633-D6khhQNdbcHvIov5jy_zqRXDqdwuzSwPfTDX2GXdvBkAECksOw;http://www.transparencia.mg.gov.br/compras-e-patrimonio/compras-e-contratos/comprasecontratos-procedimento/3/2020/01-01-2020/14-07-2020/1831094/0/0/20073/0/0/0/0/14929/9010092/93680/4626/326215/0250073000036-2020;20200714;NA
0250073 000039/2020;sim;1250;PMMG;1250.01.0002196/2020-22;https://www.sei.mg.gov.br/sei/modulos/pesquisa/md_pesq_processo_exibir.php?IC2o8Z7ACQH4LdQ4jJLJzjPBiLtP6l2FsQacllhUf-duzEubalut9yvd8-CzYYNLu7pd-wiM0k633-D6khhQNYOuKlhRfWVCbdA6yR1lLYuHJn7Fpa77LWwGMN-IFzQL;http://www.transparencia.mg.gov.br/compras-e-patrimonio/compras-e-contratos/comprasecontratos-procedimento/3/2020/01-01-2020/14-07-2020/1831094/0/0/20073/0/0/0/0/17615/9031987/105831/37990/326527/0250073000039-2020;20200714;NA
0250073 000040/2020;sim;1250;PMMG;1250.01.0004534/2020-43;https://www.sei.mg.gov.br/sei/modulos/pesquisa/md_pesq_processo_exibir.php?IC2o8Z7ACQH4LdQ4jJLJzjPBiLtP6l2FsQacllhUf-duzEubalut9yvd8-CzYYNLu7pd-wiM0k633-D6khhQNSUNO8ULIGYjZEPOQBJVPwHG_5eomdmIgLsCfAkbJITi;http://www.transparencia.mg.gov.br/compras-e-patrimonio/compras-e-contratos/comprasecontratos-procedimento/3/2020/01-01-2020/14-07-2020/1831094/0/0/62492/0/0/0/0/4332/9031782/95886/29815/326593/0250073000040-2020;20200714;NA
0250073 000041/2020;sim;1250;PMMG;1250.01.0004368/2020-63;https://www.sei.mg.gov.br/sei/modulos/pesquisa/md_pesq_processo_exibir.php?IC2o8Z7ACQH4LdQ4jJLJzjPBiLtP6l2FsQacllhUf-duzEubalut9yvd8-CzYYNLu7pd-wiM0k633-D6khhQNag5my2NVJyy_14c5tcNSUBBv6j3NY8-kidSMpkbNZEi;http://www.transparencia.mg.gov.br/compras-e-patrimonio/compras-e-contratos/comprasecontratos-procedimento/3/2020/01-01-2020/14-07-2020/1831094/0/0/31957/0/0/0/0/4383/9080031/91625/7056/326476/0250073000041-2020;20200714;NA
0250073 000042/2020;sim;1250;PMMG;1250.01.0003001/2020-15;https://www.sei.mg.gov.br/sei/modulos/pesquisa/md_pesq_processo_exibir.php?IC2o8Z7ACQH4LdQ4jJLJzjPBiLtP6l2FsQacllhUf-duzEubalut9yvd8-CzYYNLu7pd-wiM0k633-D6khhQNTrOZMlYdwCtc9VMXNQbingGLH3r9Y3pJxvraqNgowIW;http://www.transparencia.mg.gov.br/compras-e-patrimonio/compras-e-contratos/comprasecontratos-procedimento/3/2020/01-01-2020/14-07-2020/1831094/0/0/63126/0/0/0/0/6977/8020388/92610/12726/326663/0250073000042-2020;20200714;NA
0250073 000044/2020;sim;1250;PMMG;1250.01.0003865/2020-64;https://www.sei.mg.gov.br/sei/modulos/pesquisa/md_pesq_processo_exibir.php?IC2o8Z7ACQH4LdQ4jJLJzjPBiLtP6l2FsQacllhUf-duzEubalut9yvd8-CzYYNLu7pd-wiM0k633-D6khhQNU961ibYnOhcPPv77YJ6r6aouQMkaEFWoxESTnB6h8Q7;http://www.transparencia.mg.gov.br/compras-e-patrimonio/compras-e-contratos/comprasecontratos-procedimento/3/2020/01-01-2020/14-07-2020/1831094/0/0/63163/0/0/0/0/5174/81150075/116775/1089960/326755/0250073000044-2020;20200714;NA
0250073 000046/2020;sim;1250;PMMG;1250.01.0002990/2020-21;https://www.sei.mg.gov.br/sei/modulos/pesquisa/md_pesq_processo_exibir.php?IC2o8Z7ACQH4LdQ4jJLJzjPBiLtP6l2FsQacllhUf-duzEubalut9yvd8-CzYYNLu7pd-wiM0k633-D6khhQNcEr94m5D-0Q7nQGD3Ll7DgWhhjzFr7fiA91x_ykoMfo;http://www.transparencia.mg.gov.br/compras-e-patrimonio/compras-e-contratos/comprasecontratos-procedimento/3/2020/01-01-2020/14-07-2020/1831094/0/0/22855/0/0/0/0/4422/6050069/150969/60380/326898/0250073000046-2020;20200714;NA
2320310 000207/2020;sim;2320;HEMOMINAS;2320.01.0006246/2020-50;https://www.sei.mg.gov.br/sei/modulos/pesquisa/md_pesq_processo_exibir.php?IC2o8Z7ACQH4LdQ4jJLJzjPBiLtP6l2FsQacllhUf-duzEubalut9yvd8-CzYYNLu7pd-wiM0k633-D6khhQNefpg6_xYCs_I1MvJkTlDvjKHcyq3H27yagU3-55WLVE;http://www.transparencia.mg.gov.br/compras-e-patrimonio/compras-e-contratos/comprasecontratos-procedimento/3/2020/01-01-2020/16-07-2020/1831016/0/0/17532/0/0/0/0/19680/42400112/140259/1408623/326938/2320310000207-2020;20200716;NA
